ID,name,email,password,role,country,provinces,industry,position_available,description
1,Mitra Utama,brianyoung@lucas-webb.info,857273ZE,Company,Indonesia,Jawa Timur,Fashion,Patternmaker,Setting trends in Indonesian fashion.
2,Citra Harmoni,icruz@gonzalez.com,955143qI,Company,Indonesia,Sulawesi Tengah,Travel,Cruise Ship Director,Your gateway to unforgettable travel experiences.
3,Mulia Harmoni,phillipsmartin@white.org,316353gH,Company,Indonesia,Banten,E-commerce,Customer Support Specialist,Your gateway to a world of products.
4,Jaya Harmoni,henryjocelyn@wu.com,084248tA,Company,Indonesia,DKI Jakarta,Education,Principal,Innovative and inclusive learning environments.
5,Nusantara Cipta,nicholemays@evans.info,627027HD,Company,Indonesia,Kepulauan Riau,Information Technology,IT Consultant,Leaders in IT excellence.
6,Mitra Utama,kimberlythomas@ortiz-carpenter.info,132565jK,Company,Indonesia,Jawa Timur,Food and Beverage,Food Quality Assurance Specialist,Your source for quality food and beverage experiences.
7,Harmoni Bersama,nicholas60@holmes-schultz.info,828717uN,Company,Indonesia,Sulawesi Tengah,Logistics,Warehouse Supervisor,Efficient and reliable logistics solutions.
8,Citra Sejahtera,emiller@adams-smith.com,266192zW,Company,Indonesia,Jawa Timur,Logistics,Warehouse Supervisor,Your logistics partner for success.
9,Bersatu Makmur,katherineparker@collins.net,320781ef,Company,Indonesia,DKI Jakarta,Logistics,Warehouse Supervisor,Your logistics partner for success.
10,Harapan Baru,joshua39@scott.info,971076hS,Company,Indonesia,Banten,Finance,Personal Financial Advisor,Your trusted partner in financial services.
11,Nusantara Cipta,stephanie24@walker.com,449324jz,Company,Indonesia,Sumatera Utara,Real Estate,Real Estate Attorney,Your partner in real estate excellence.
12,Mutiara Sejahtera,john50@flowers-hicks.info,289796Xs,Company,Indonesia,Kepulauan Riau,Information Technology,IT Consultant,Leaders in IT excellence.
13,Mutiara Sejahtera,johnmatthews@spears-reed.info,728943WM,Company,Indonesia,Kepulauan Riau,Food and Beverage,Food Quality Assurance Specialist,Your source for quality food and beverage experiences.
14,Sinar Abadi,mary05@kelly.info,103730Pg,Company,Indonesia,Jawa Barat,Environmental,Environmental Health and Safety Specialist,Creating a greener and cleaner world.
15,Jaya Cipta,rmiles@vazquez.biz,664018lz,Company,Indonesia,Jawa Timur,Telecommunications,Telecommunications Engineer,Connecting Indonesia through advanced telecommunications.
16,Prima Sentosa,andersonmartin@jenkins.biz,239915Fn,Company,Indonesia,Sulawesi Tengah,Manufacturing,Entertainment Journalist,Driving Indonesia's manufacturing sector.
17,Gemah Bina,anthonyhopkins@everett.com,505778hN,Company,Indonesia,Jawa Barat,Logistics,Warehouse Supervisor,Connecting businesses through seamless supply chain management.
18,Sukses Sejahtera,kaitlyn92@rogers.com,757727xn,Company,Indonesia,Kepulauan Riau,Construction,Civil Engineering Technician,Building the future through quality construction.
19,Sejahtera Indah,johnsonlauren@osborne.org,071223lw,Company,Indonesia,Kepulauan Riau,Telecommunications,Telecommunications Engineer,Providing seamless connectivity.
20,Jaya Cipta,fmartinez@jones.com,303174Al,Company,Indonesia,Jawa Barat,Telecommunications,Telecommunications Engineer,Connecting Indonesia through advanced telecommunications.
21,Bakti Sejahtera,jshannon@weeks.com,588579sO,Company,Indonesia,Jawa Timur,Agriculture,Agricultural Scientist,Sustainable agriculture practices for a greener Indonesia.
22,Citra Harmoni,ayoung@norman.com,529329qY,Company,Indonesia,Sulawesi Tengah,Food and Beverage,Food Quality Assurance Specialist,Your source for quality food and beverage experiences.
23,Nusantara Cipta,justin40@gutierrez-fox.com,096157Sz,Company,Indonesia,Jawa Timur,Food and Beverage,Food Quality Assurance Specialist,Your source for quality food and beverage experiences.
24,Cemerlang Indah,dsanchez@thompson.com,564422mj,Company,Indonesia,Jawa Barat,Fashion,Patternmaker,Your destination for stylish and sustainable clothing.
25,Sinar Abadi,vrogers@cook.com,535184Mp,Company,Indonesia,Jawa Timur,Energy,Environmental Compliance Specialist,Powering Indonesia's future with sustainable energy.
26,Prima Makmur,leonjohn@alvarez-mitchell.biz,956657cx,Company,Indonesia,Banten,Agriculture,Agricultural Scientist,Sustainable agriculture practices for a greener Indonesia.
27,Jaya Harmoni,cassandra93@moran.com,772214Sr,Company,Indonesia,Kepulauan Riau,Real Estate,Real Estate Attorney,Building communities and transforming spaces.
28,Harum Gemilang,jeffrey72@newman.org,751087Ii,Company,Indonesia,Banten,Finance,Personal Financial Advisor,Driving economic growth through financial solutions.
29,Karya Terang,deborahdeleon@richardson.com,225594wE,Company,Indonesia,Jawa Barat,Environmental,Environmental Health and Safety Specialist,Creating a greener and cleaner world.
30,Bina Karya,sparker@cooper.com,038968dQ,Company,Indonesia,Sumatera Utara,Construction,Civil Engineering Technician,Building the future through quality construction.
31,Bina Karya,zolsen@torres.net,225566Gg,Company,Indonesia,Jawa Timur,Marketing,Brand Strategist,Your partner in strategic and effective marketing campaigns.
32,Terang Bakti,dianastone@lopez-anderson.net,566048kW,Company,Indonesia,Papua Barat,Fashion,Patternmaker,Setting trends in Indonesian fashion.
33,Bina Karya,mooreelizabeth@brown-washington.com,384715Pi,Company,Indonesia,Sulawesi Tenggara,Legal,Criminal Defense Attorney,Navigating legal complexities with expertise and integrity.
34,Budi Jaya,igarrett@ross-delgado.com,400479wi,Company,Indonesia,DKI Jakarta,Education,Principal,Shaping future generations through education.
35,Prima Makmur,baldwincatherine@meza.com,449732IC,Company,Indonesia,Sumatera Utara,Construction,Civil Engineering Technician,Building the future through quality construction.
36,Harum Gemilang,erinsmith@hernandez.com,201926Oz,Company,Indonesia,Jawa Barat,Construction,Civil Engineering Technician,Creating structures that stand the test of time.
37,Harapan Baru,susanharding@brennan.com,351027yV,Company,Indonesia,Banten,Energy,Environmental Compliance Specialist,Leaders in energy efficiency and reliability.
38,Bina Karya,kathryn83@pitts-mccarthy.com,718254gF,Company,Indonesia,Sumatera Utara,Information Technology,IT Consultant,Innovating with cutting-edge technology.
39,Harmoni Sukses,mirandabennett@henderson.biz,805394sg,Company,Indonesia,Papua Barat,Media and Entertainment,Media Planner,Bringing stories to life through media excellence.
40,Makmur Jaya Tamasya,barrypaul@hernandez-coleman.com,790894dO,Company,Indonesia,Kalimantan Timur,Hospitality,Travel Agent,Exceptional service and luxurious accommodations.
41,Gemah Bina,margaretweaver@bryant-rodriguez.com,400345cy,Company,Indonesia,Banten,Agriculture,Agricultural Scientist,Empowering farmers with modern techniques.
42,Sejahtera Indah,iwells@parks.info,683944Cg,Company,Indonesia,Sulawesi Tengah,Finance,Personal Financial Advisor,Your trusted partner in financial services.
43,Maju Bersama,jamieestrada@mccarty-johnson.net,725879DM,Company,Indonesia,DKI Jakarta,Legal,Criminal Defense Attorney,Protecting your interests through top-notch legal services.
44,Cahaya Gemilang,herrerabrandon@evans-jefferson.info,454174UF,Company,Indonesia,Sulawesi Tengah,Legal,Criminal Defense Attorney,Your trusted legal partner.
45,Gemilang Sukses,bortiz@frank.net,231962cH,Company,Indonesia,Sumatera Utara,Telecommunications,Telecommunications Engineer,Providing seamless connectivity.
46,Cemerlang Indah,fhernandez@johnson.com,802809pf,Company,Indonesia,Kepulauan Riau,Energy,Environmental Compliance Specialist,Leaders in energy efficiency and reliability.
47,Budi Jaya,umcclure@perez.com,957384mS,Company,Indonesia,Jawa Barat,Retail,Visual Merchandiser,Elevating the retail experience for customers.
48,Berkah Maju,lisadeleon@gonzalez-rogers.biz,831031Qn,Company,Indonesia,Jawa Barat,Telecommunications,Telecommunications Engineer,Pioneering communication networks.
49,Indah Cipta,smithgregory@johns-whitaker.org,823931cg,Company,Indonesia,Jawa Timur,Healthcare,Medical Doctor,Committed to providing quality healthcare services.
50,Terang Bakti,michael63@chandler.com,404285nq,Company,Indonesia,Banten,Energy,Environmental Compliance Specialist,Innovative solutions for a cleaner environment.
51,Gemah Ripah,patriciayoung@perez.biz,793901Hc,Company,Indonesia,Banten,Logistics,Warehouse Supervisor,Connecting businesses through seamless supply chain management.
52,Makmur Jaya Tamasya,adam67@warner.org,558504az,Company,Indonesia,DKI Jakarta,Media and Entertainment,Media Planner,Your source for quality entertainment.
53,Bina Karya,audrey48@arroyo-mason.com,815886Qc,Company,Indonesia,Sumatera Utara,Construction,Civil Engineering Technician,Building the future through quality construction.
54,Indah Cipta,nathanferguson@adkins.com,419434Wr,Company,Indonesia,Papua Barat,Telecommunications,Telecommunications Engineer,Pioneering communication networks.
55,Sejahtera Indah,brownpamela@bates.com,380130Gp,Company,Indonesia,Jawa Timur,Retail,Visual Merchandiser,Delivering quality products and exceptional service.
56,Makmur Jaya Tamasya,frichardson@riley-mitchell.com,879450Dg,Company,Indonesia,Sulawesi Tenggara,Insurance,Actuarial Analyst,Your trusted partner in risk management.
57,Harmoni Sukses,ihill@skinner-mcmahon.net,075837Wz,Company,Indonesia,Sulawesi Tengah,E-commerce,Customer Support Specialist,Your gateway to a world of products.
58,Jaya Sukses,michaelsmith@brown.net,632004zk,Company,Indonesia,Sulawesi Tenggara,Food and Beverage,Food Quality Assurance Specialist,Delicious flavors and culinary innovation.
59,Bersama Harmoni,reynoldslogan@elliott.com,649222dK,Company,Indonesia,Jawa Barat,Non-profit,Community Organizer,Making a positive impact through social responsibility.
60,Harum Gemilang,john98@james-weiss.com,084991aP,Company,Indonesia,DKI Jakarta,Finance,Personal Financial Advisor,Your trusted partner in financial services.
61,Maju Bersama,ewilson@chan.org,024838Ak,Company,Indonesia,Banten,Pharmaceuticals,Pharmacy Technician,A commitment to health and well-being.
62,Gemilang Sukses,wigginsdonna@owen.com,912418Cs,Company,Indonesia,Kalimantan Timur,Pharmaceuticals,Pharmacy Technician,Leaders in pharmaceutical innovation.
63,Jaya Murni,samuel96@shaffer-rojas.com,644113oa,Company,Indonesia,Sulawesi Tengah,Real Estate,Real Estate Attorney,Your partner in real estate excellence.
64,Maju Bersama,tyler10@thomas.com,788628gg,Company,Indonesia,Sulawesi Tengah,Legal,Criminal Defense Attorney,Protecting your interests through top-notch legal services.
65,Karya Terang,andersonshaun@osborn-stewart.biz,147703sv,Company,Indonesia,Kepulauan Riau,Fashion,Patternmaker,Your destination for stylish and sustainable clothing.
66,Indah Cipta,anthonyherman@hanson.com,004846pu,Company,Indonesia,Sulawesi Tenggara,Pharmaceuticals,Pharmacy Technician,A commitment to health and well-being.
67,Mandiri Makmur,joshua80@williams.com,967806jZ,Company,Indonesia,Sumatera Utara,Construction,Civil Engineering Technician,Building the future through quality construction.
68,Prima Sentosa,morganmichael@peters.net,160246pY,Company,Indonesia,Papua Barat,Sports,Athletic Trainer,Your source for sports innovation and inspiration.
69,Kencana Sejahtera,paul07@duncan.biz,692559xq,Company,Indonesia,Sumatera Utara,Legal,Criminal Defense Attorney,Navigating legal complexities with expertise and integrity.
70,Terang Jaya,pfoster@hurst.com,913101Os,Company,Indonesia,Jawa Barat,Agriculture,Agricultural Scientist,Sustainable agriculture practices for a greener Indonesia.
71,Mutiara Makmur,janiceperkins@krause-lee.com,054972yX,Company,Indonesia,Sumatera Utara,Agriculture,Agricultural Scientist,Boosting agricultural productivity and quality.
72,Mulia Harmoni,kimberly05@johnson.com,617026TE,Company,Indonesia,Kepulauan Riau,Fashion,Patternmaker,Your destination for stylish and sustainable clothing.
73,Mulia Harmoni,wilcoxbrandon@lane.biz,673503SN,Company,Indonesia,Sumatera Utara,Legal,Criminal Defense Attorney,Navigating legal complexities with expertise and integrity.
74,Jaya Harmoni,xluna@garcia.com,280286ii,Company,Indonesia,Banten,Information Technology,IT Consultant,Revolutionizing IT solutions in Indonesia.
75,Surya Kencana,alvarezadrian@medina.com,107134TO,Company,Indonesia,Jawa Timur,Biotechnology,Biotech Lab Technician,Leaders in biotech excellence.
76,Jaya Sukses,middletontracy@peterson.com,497951JD,Company,Indonesia,Sulawesi Tenggara,Food and Beverage,Food Quality Assurance Specialist,Savor the taste of excellence with our culinary offerings.
77,Nusantara Cipta,ibailey@davis.com,228862Mu,Company,Indonesia,DKI Jakarta,Telecommunications,Telecommunications Engineer,Providing seamless connectivity.
78,Sejahtera Indah,smithjoseph@davila-snyder.com,411781Zl,Company,Indonesia,Sulawesi Tenggara,Marketing,Brand Strategist,Elevating brands through creative marketing solutions.
79,Maju Harmoni,christy34@thompson-mueller.com,032679JU,Company,Indonesia,Kalimantan Timur,Logistics,Warehouse Supervisor,Efficient and reliable logistics solutions.
80,Harum Gemilang,bonnie05@lewis.com,504404Eh,Company,Indonesia,Sulawesi Tengah,Food and Beverage,Food Quality Assurance Specialist,Delicious flavors and culinary innovation.
81,Gemah Ripah,blackyvonne@porter.net,460822nq,Company,Indonesia,Jawa Timur,Agriculture,Agricultural Scientist,Boosting agricultural productivity and quality.
82,Harapan Baru,isalazar@garcia.com,491556BZ,Company,Indonesia,DKI Jakarta,Logistics,Warehouse Supervisor,Connecting businesses through seamless supply chain management.
83,Harmoni Sukses,robin39@johnson.com,610464rG,Company,Indonesia,Sulawesi Tengah,Education,Principal,Innovative and inclusive learning environments.
84,Nusantara Cipta,mooreangela@poole.net,553492NV,Company,Indonesia,DKI Jakarta,Telecommunications,Telecommunications Engineer,Pioneering communication networks.
85,Maju Bersama,holmesjames@wilson.net,090952mO,Company,Indonesia,Sulawesi Tengah,Education,Principal,Empowering minds through quality education.
86,Mutiara Makmur,michael13@elliott.info,876747wl,Company,Indonesia,Sulawesi Tenggara,Finance,Personal Financial Advisor,Your trusted partner in financial services.
87,Jaya Murni,micheal84@simmons.com,720399FI,Company,Indonesia,Papua Barat,Education,Principal,Shaping future generations through education.
88,Bersatu Harmoni,scott43@pierce.com,150295he,Company,Indonesia,Kepulauan Riau,Hospitality,Travel Agent,Exceptional service and luxurious accommodations.
89,Gemah Bina,jbarajas@hardy.com,044381IB,Company,Indonesia,DKI Jakarta,Environmental,Environmental Health and Safety Specialist,Champions of environmental sustainability.
90,Gemilang Sukses,jameswallace@jenkins.com,973484Zw,Company,Indonesia,Kalimantan Timur,Biotechnology,Biotech Lab Technician,Advancing biotechnology for a healthier world.
91,Prima Sentosa,oliviabean@smith.com,553427UV,Company,Indonesia,Sulawesi Tengah,Real Estate,Real Estate Attorney,Your partner in real estate excellence.
92,Harapan Baru,uprice@gomez.com,768205hX,Company,Indonesia,Papua Barat,Transportation,Transportation Planner,Leaders in safe and convenient travel.
93,Citra Sejahtera,markrice@cross.com,037022hz,Company,Indonesia,Kalimantan Timur,Education,Principal,Innovative and inclusive learning environments.
94,Citra Harmoni,coneill@brown.com,982683NP,Company,Indonesia,Jawa Barat,E-commerce,Customer Support Specialist,Your gateway to a world of products.
95,Jaya Cipta,matthew81@reed-marks.com,463986eU,Company,Indonesia,Banten,Government,Government Analyst,Building a prosperous and inclusive society through effective governance.
96,Citra Harmoni,michael56@galvan.com,345005fd,Company,Indonesia,Sumatera Utara,Construction,Civil Engineering Technician,Creating structures that stand the test of time.
97,Nusantara Cipta,swagner@jones.biz,332517rK,Company,Indonesia,DKI Jakarta,Environmental,Environmental Health and Safety Specialist,Creating a greener and cleaner world.
98,Gemilang Sukses,jesseboyer@doyle.com,283150je,Company,Indonesia,Sulawesi Tengah,Hospitality,Travel Agent,Creating memorable experiences in hospitality.
99,Jaya Sukses,colin42@cunningham.com,770986yU,Company,Indonesia,Kepulauan Riau,Information Technology,IT Consultant,Innovating with cutting-edge technology.
100,Berkah Maju,chungdonna@mitchell.com,292429uX,Company,Indonesia,Jawa Timur,Legal,Criminal Defense Attorney,Protecting your interests through top-notch legal services.
101,Jaya Cipta,pateltimothy@lopez.biz,673786pV,Company,Indonesia,Kalimantan Timur,Fashion,Patternmaker,Your destination for stylish and sustainable clothing.
102,Jaya Bakti,andreagonzales@hebert.com,151073qd,Company,Indonesia,Sulawesi Tenggara,Construction,Civil Engineering Technician,Building the future through quality construction.
103,Surya Kencana,friedmanrobert@blevins-mccoy.com,092259Ev,Company,Indonesia,Jawa Timur,E-commerce,Customer Support Specialist,Revolutionizing online shopping experiences.
104,Harapan Baru,joshuaestrada@hernandez.biz,713741sk,Company,Indonesia,Jawa Barat,Logistics,Warehouse Supervisor,Connecting businesses through seamless supply chain management.
105,Jaya Cipta,jonathan18@foster-kidd.net,049110MP,Company,Indonesia,Jawa Timur,Legal,Criminal Defense Attorney,Navigating legal complexities with expertise and integrity.
106,Maju Harmoni,kathyruiz@jones.com,702190Mr,Company,Indonesia,Jawa Barat,Hospitality,Travel Agent,Creating memorable experiences in hospitality.
107,Nusantara Cipta,gabriela36@wilson.com,952298SF,Company,Indonesia,Jawa Timur,Information Technology,IT Consultant,Leaders in IT excellence.
108,Jaya Sukses,qthornton@hill-haynes.info,722145QC,Company,Indonesia,DKI Jakarta,Manufacturing,Entertainment Journalist,Innovative solutions in manufacturing.
109,Nusantara Bersama,heather58@smith-baker.com,180246GD,Company,Indonesia,Jawa Barat,Biotechnology,Biotech Lab Technician,Innovative solutions in biopharmaceuticals and research.
110,Bina Karya,dmiller@gregory.biz,482006di,Company,Indonesia,Jawa Barat,Finance,Personal Financial Advisor,Driving economic growth through financial solutions.
111,Sejahtera Maju,josephhubbard@estes.org,194217gk,Company,Indonesia,Sumatera Utara,Pharmaceuticals,Pharmacy Technician,Leaders in pharmaceutical innovation.
112,Sejahtera Indah,showell@jones.com,550598NF,Company,Indonesia,Banten,Non-profit,Community Organizer,Making a positive impact through social responsibility.
113,Gemilang Harmoni,hutchinsonroy@spencer-reid.com,752213YD,Company,Indonesia,Jawa Barat,Legal,Criminal Defense Attorney,Your trusted legal partner.
114,Mutiara Makmur,steven86@lopez.com,111385bR,Company,Indonesia,Kalimantan Timur,Logistics,Warehouse Supervisor,Efficient and reliable logistics solutions.
115,Harum Gemilang,jstone@garcia.net,349691Qk,Company,Indonesia,Sulawesi Tenggara,Construction,Civil Engineering Technician,Building the future through quality construction.
116,Sukses Sejahtera,lori91@hernandez.com,427864Oh,Company,Indonesia,Jawa Barat,Finance,Personal Financial Advisor,Your trusted partner in financial services.
117,Karya Terang,aaron32@baker.com,121940Xt,Company,Indonesia,Sulawesi Tengah,Pharmaceuticals,Pharmacy Technician,Leaders in pharmaceutical innovation.
118,Berkah Maju,kcaldwell@villa.org,986380kx,Company,Indonesia,Sulawesi Tengah,E-commerce,Customer Support Specialist,Revolutionizing online shopping experiences.
119,Jaya Harmoni,baileykimberly@thompson.net,686277fe,Company,Indonesia,Banten,Automotive,Automotive Quality Engineer,Driving the future of transportation.
120,Maju Harmoni,atorres@taylor-reid.biz,036854SH,Company,Indonesia,Banten,Energy,Environmental Compliance Specialist,Powering Indonesia's future with sustainable energy.
121,Bersatu Harmoni,monicafrank@moore-randall.com,381147ne,Company,Indonesia,Banten,Retail,Visual Merchandiser,Elevating the retail experience for customers.
122,Mutiara Sejahtera,jphillips@bowers.org,290776EO,Company,Indonesia,Papua Barat,Hospitality,Travel Agent,Exceptional service and luxurious accommodations.
123,Mandiri Makmur,kim74@kent.com,054447ir,Company,Indonesia,DKI Jakarta,E-commerce,Customer Support Specialist,Connecting buyers and sellers in a digital marketplace.
124,Sukses Sejahtera,wbass@brown.info,043793Bx,Company,Indonesia,Kepulauan Riau,Logistics,Warehouse Supervisor,Connecting businesses through seamless supply chain management.
125,Jaya Cipta,michael65@mitchell.info,273046xZ,Company,Indonesia,Kepulauan Riau,Consulting,IT Security Consultant,Navigating challenges and unlocking opportunities.
126,Mandiri Makmur,jacksondorothy@nichols.org,459188Nh,Company,Indonesia,Jawa Timur,Biotechnology,Biotech Lab Technician,Advancing biotechnology for a healthier world.
127,Jaya Bakti,erika33@moore.com,783864Kk,Company,Indonesia,Jawa Barat,Real Estate,Real Estate Attorney,Building communities and transforming spaces.
128,Bina Karya,tammy19@henson.biz,998045Eh,Company,Indonesia,Papua Barat,Automotive,Automotive Quality Engineer,Innovation in motion with cutting-edge automotive solutions.
129,Sejahtera Indah,sanchezbridget@bender.info,491541hT,Company,Indonesia,DKI Jakarta,Information Technology,IT Consultant,Leaders in IT excellence.
130,Nusantara Cipta,ewood@fuller.info,263523sk,Company,Indonesia,DKI Jakarta,Government,Government Analyst,Building a prosperous and inclusive society through effective governance.
131,Terang Bakti,christophercarpenter@hayes.com,965303Db,Company,Indonesia,Jawa Barat,Non-profit,Community Organizer,Creating a better world through philanthropy.
132,Mulia Harmoni,brenda37@johnson.com,879296Vs,Company,Indonesia,Banten,Automotive,Automotive Quality Engineer,Crafting vehicles that redefine the driving experience.
133,Berkah Maju,ramirezdavid@flores-rivera.com,170556nL,Company,Indonesia,Jawa Barat,Fashion,Patternmaker,Your destination for stylish and sustainable clothing.
134,Bakti Sejahtera,hurstlisa@kerr-wilkerson.com,362708xc,Company,Indonesia,Banten,Fashion,Patternmaker,Setting trends in Indonesian fashion.
135,Citra Sejahtera,lopezluke@baker-smith.com,901555vz,Company,Indonesia,Jawa Timur,Logistics,Warehouse Supervisor,Your logistics partner for success.
136,Terang Bakti,aaronbrown@nelson.com,818367cQ,Company,Indonesia,Sumatera Utara,Manufacturing,Entertainment Journalist,Crafting quality products for a better future.
137,Kencana Sejahtera,bjohnson@vasquez.com,541080RG,Company,Indonesia,Sulawesi Tengah,Government,Government Analyst,Serving the public with excellence and integrity.
138,Bersama Harmoni,eric20@schmitt-bray.com,502995Po,Company,Indonesia,Kepulauan Riau,Construction,Civil Engineering Technician,Creating structures that stand the test of time.
139,Prima Sentosa,cschmitt@mccarthy-adams.biz,711537KK,Company,Indonesia,Papua Barat,E-commerce,Customer Support Specialist,Revolutionizing online shopping experiences.
140,Jaya Bakti,antonio51@farmer.com,216269HB,Company,Indonesia,Banten,Travel,Cruise Ship Director,Creating memories through unparalleled travel adventures.
141,Murni Cipta,kellywilson@hines.biz,256822yf,Company,Indonesia,DKI Jakarta,Pharmaceuticals,Pharmacy Technician,A commitment to health and well-being.
142,Jaya Harmoni,richardduffy@johnson-barnett.com,146348Yt,Company,Indonesia,Jawa Timur,Hospitality,Travel Agent,Your home away from home.
143,Citra Sejahtera,phampton@leonard.com,444680Ds,Company,Indonesia,Jawa Timur,Transportation,Transportation Planner,Leaders in safe and convenient travel.
144,Murni Maju,kfernandez@jones-flores.org,916569Tv,Company,Indonesia,Kalimantan Timur,Biotechnology,Biotech Lab Technician,Innovative solutions in biopharmaceuticals and research.
145,Indah Cipta,garciakelly@smith-white.com,889011PI,Company,Indonesia,Jawa Timur,Energy,Environmental Compliance Specialist,Powering Indonesia's future with sustainable energy.
146,Mandiri Makmur,rogerschristopher@golden.biz,746254vC,Company,Indonesia,Kepulauan Riau,Environmental,Environmental Health and Safety Specialist,Your partner in eco-friendly solutions.
147,Sukses Sejahtera,lanceadams@villanueva.net,637562KB,Company,Indonesia,DKI Jakarta,Telecommunications,Telecommunications Engineer,Pioneering communication networks.
148,Terang Jaya,juliagarcia@shaw.com,798823UT,Company,Indonesia,Jawa Barat,Travel,Cruise Ship Director,Creating memories through unparalleled travel adventures.
149,Gemah Ripah,afreeman@dunn-smith.info,395757sM,Company,Indonesia,Banten,Travel,Cruise Ship Director,Creating memories through unparalleled travel adventures.
150,Harapan Baru,sharvey@morris.biz,651955il,Company,Indonesia,Sulawesi Tenggara,Construction,Civil Engineering Technician,Building the future through quality construction.
151,Prima Makmur,underwoodkristina@wilkinson.info,794290oN,Company,Indonesia,Kalimantan Timur,Fashion,Patternmaker,Your destination for stylish and sustainable clothing.
152,Bakti Sejahtera,cfritz@pierce.biz,420279mX,Company,Indonesia,Kalimantan Timur,Environmental,Environmental Health and Safety Specialist,Creating a greener and cleaner world.
153,Gemah Bina,julie54@wilkins.com,449528JT,Company,Indonesia,Kalimantan Timur,Pharmaceuticals,Pharmacy Technician,A commitment to health and well-being.
154,Bersatu Harmoni,greenetimothy@ruiz-middleton.info,083337gC,Company,Indonesia,DKI Jakarta,Biotechnology,Biotech Lab Technician,Advancing biotechnology for a healthier world.
155,Bina Karya,tracy95@walsh-molina.com,038737iZ,Company,Indonesia,Banten,Information Technology,IT Consultant,Leaders in IT excellence.
156,Cemerlang Indah,shannon14@brown.com,724693jU,Company,Indonesia,Banten,Agriculture,Agricultural Scientist,Sustainable agriculture practices for a greener Indonesia.
157,Karya Terang,piercethomas@johnson.com,920751fe,Company,Indonesia,Sulawesi Tenggara,Manufacturing,Entertainment Journalist,Driving Indonesia's manufacturing sector.
158,Harmoni Sukses,moorelisa@becker-munoz.com,922223gZ,Company,Indonesia,Jawa Barat,Construction,Civil Engineering Technician,Creating structures that stand the test of time.
159,Prima Makmur,jmoreno@barnett.com,278431Kw,Company,Indonesia,Sulawesi Tenggara,Finance,Personal Financial Advisor,Driving economic growth through financial solutions.
160,Harmoni Bersama,kaufmankevin@goodman-ferrell.com,460959PE,Company,Indonesia,Sulawesi Tengah,Logistics,Warehouse Supervisor,Your logistics partner for success.
161,Nusantara Cipta,barbarajimenez@ward.com,753277EI,Company,Indonesia,Jawa Barat,Transportation,Transportation Planner,Leaders in safe and convenient travel.
162,Indah Cipta,fitzpatricknicholas@jacobs.org,564592ud,Company,Indonesia,Kalimantan Timur,Finance,Personal Financial Advisor,Driving economic growth through financial solutions.
163,Cahaya Gemilang,wilsonjustin@aguirre.com,036587hC,Company,Indonesia,Kepulauan Riau,Biotechnology,Biotech Lab Technician,Innovative solutions in biopharmaceuticals and research.
164,Sentosa Makmur,burkealicia@flores.com,298360Qj,Company,Indonesia,Jawa Barat,Consulting,IT Security Consultant,Your trusted advisor in business.
165,Jaya Murni,adamperry@gilbert-ball.biz,776475hp,Company,Indonesia,Jawa Timur,Legal,Criminal Defense Attorney,Protecting your interests through top-notch legal services.
166,Harmoni Sukses,ynunez@patterson.com,584573nu,Company,Indonesia,Papua Barat,Travel,Cruise Ship Director,Creating memories through unparalleled travel adventures.
167,Sentosa Makmur,rlyons@aguilar-pope.info,927797aM,Company,Indonesia,Sulawesi Tenggara,Information Technology,IT Consultant,Revolutionizing IT solutions in Indonesia.
168,Terang Bakti,sarah87@davis-davila.org,586746rt,Company,Indonesia,DKI Jakarta,Manufacturing,Entertainment Journalist,Innovative solutions in manufacturing.
169,Mandiri Makmur,dawn89@alvarez.com,290613Ba,Company,Indonesia,Banten,Construction,Civil Engineering Technician,Your partner in construction excellence and innovation.
170,Mutiara Sejahtera,jamesmclean@payne.com,549095pf,Company,Indonesia,Kepulauan Riau,Marketing,Brand Strategist,Your partner in strategic and effective marketing campaigns.
171,Murni Maju,angela25@wong.com,153693xB,Company,Indonesia,Jawa Barat,Insurance,Actuarial Analyst,Your trusted partner in risk management.
172,Cemerlang Indah,nicolesaunders@decker-turner.com,542599DZ,Company,Indonesia,Sulawesi Tengah,Marketing,Brand Strategist,Elevating brands through creative marketing solutions.
173,Indah Cipta,melanie46@lopez.info,890080oQ,Company,Indonesia,Kalimantan Timur,Non-profit,Community Organizer,Creating a better world through philanthropy.
174,Jaya Harmoni,rodneygood@roberts.com,669585sK,Company,Indonesia,Kepulauan Riau,Construction,Civil Engineering Technician,Building the future through quality construction.
175,Mutiara Sejahtera,angela40@jones.net,274069QJ,Company,Indonesia,Kepulauan Riau,Travel,Cruise Ship Director,Your gateway to unforgettable travel experiences.
176,Citra Sejahtera,samantha14@hardy.com,459299xa,Company,Indonesia,Sulawesi Tenggara,Hospitality,Travel Agent,Your home away from home.
177,Jaya Bakti,gbanks@kim.info,886863xp,Company,Indonesia,DKI Jakarta,E-commerce,Customer Support Specialist,Connecting buyers and sellers in a digital marketplace.
178,Sentosa Makmur,johnhendricks@whitaker-martinez.com,064650uy,Company,Indonesia,Kepulauan Riau,Media and Entertainment,Media Planner,Your source for quality entertainment.
179,Surya Kencana,cwalker@lynch.com,119920Rc,Company,Indonesia,Kepulauan Riau,Education,Principal,Shaping future generations through education.
180,Bina Karya,timothy51@hall.com,433087gh,Company,Indonesia,Sulawesi Tengah,Energy,Environmental Compliance Specialist,Leaders in energy efficiency and reliability.
181,Nusantara Bersama,thompsonjerry@howell.info,354622HE,Company,Indonesia,Sumatera Utara,Agriculture,Agricultural Scientist,Empowering farmers with modern techniques.
182,Mutiara Makmur,cmercer@brown.com,918016rT,Company,Indonesia,Sulawesi Tengah,Travel,Cruise Ship Director,Creating memories through unparalleled travel adventures.
183,Maju Harmoni,piercejames@mcintyre.net,880090QB,Company,Indonesia,Sulawesi Tenggara,Information Technology,IT Consultant,Revolutionizing IT solutions in Indonesia.
184,Bakti Sejahtera,ywhite@fletcher.com,575262WK,Company,Indonesia,Banten,Logistics,Warehouse Supervisor,Efficient and reliable logistics solutions.
185,Prima Makmur,brent05@joyce.com,700066aR,Company,Indonesia,Banten,Insurance,Actuarial Analyst,Your trusted partner in risk management.
186,Cahaya Gemilang,nelsondawn@rush-nunez.com,362212QD,Company,Indonesia,Banten,Pharmaceuticals,Pharmacy Technician,Advancing healthcare with groundbreaking pharmaceuticals.
187,Harmoni Sukses,trujillovictor@robinson-vincent.org,693760hS,Company,Indonesia,Kepulauan Riau,Transportation,Transportation Planner,Driving Indonesia forward through reliable transportation.
188,Sejahtera Indah,seanvelazquez@jones-taylor.net,583252Mw,Company,Indonesia,Sumatera Utara,Consulting,IT Security Consultant,Your trusted advisor in business.
189,Mulia Harmoni,omathis@goodman.com,850881Fp,Company,Indonesia,Banten,Agriculture,Agricultural Scientist,Boosting agricultural productivity and quality.
190,Mitra Utama,wileydaniel@shah.com,810970lN,Company,Indonesia,Banten,Environmental,Environmental Health and Safety Specialist,Creating a greener and cleaner world.
191,Bersama Harmoni,arthur04@taylor.com,669778WG,Company,Indonesia,Jawa Timur,Finance,Personal Financial Advisor,Driving economic growth through financial solutions.
192,Terang Jaya,rosaleskimberly@chambers.com,156497rs,Company,Indonesia,Sulawesi Tenggara,Telecommunications,Telecommunications Engineer,Pioneering communication networks.
193,Bakti Sejahtera,daniel77@anthony.com,963521sk,Company,Indonesia,DKI Jakarta,Hospitality,Travel Agent,Exceptional service and luxurious accommodations.
194,Bersama Harmoni,mitchellmoore@johnston-mcguire.com,334428cD,Company,Indonesia,Kepulauan Riau,Non-profit,Community Organizer,Creating a better world through philanthropy.
195,Harmoni Bersama,mmccoy@baxter-alvarado.biz,290296Rz,Company,Indonesia,Kalimantan Timur,Marketing,Brand Strategist,Your partner in strategic and effective marketing campaigns.
196,Gemilang Harmoni,wryan@farley-green.com,642170tj,Company,Indonesia,Jawa Timur,Biotechnology,Biotech Lab Technician,Leaders in biotech excellence.
197,Bersatu Harmoni,cassandra67@holland.com,547988yG,Company,Indonesia,Jawa Barat,Biotechnology,Biotech Lab Technician,Advancing biotechnology for a healthier world.
198,Nusantara Cipta,sallen@tapia.net,283035Po,Company,Indonesia,Jawa Timur,Sports,Athletic Trainer,Promoting active lifestyles and sportsmanship.
199,Prima Sentosa,zhardin@tran.com,711099aI,Company,Indonesia,Jawa Barat,Agriculture,Agricultural Scientist,Sustainable agriculture practices for a greener Indonesia.
200,Makmur Jaya Tamasya,lhutchinson@king.info,739557EG,Company,Indonesia,Jawa Barat,Construction,Civil Engineering Technician,Your partner in construction excellence and innovation.
201,Citra Sejahtera,oprice@smith-scott.com,426669lx,Company,Indonesia,Kalimantan Timur,Education,Principal,Innovative and inclusive learning environments.
202,Murni Maju,brandon42@montes.com,681532oJ,Company,Indonesia,Sulawesi Tengah,Automotive,Automotive Quality Engineer,Crafting vehicles that redefine the driving experience.
203,Sejahtera Indah,willie75@cole.com,080234bK,Company,Indonesia,Sulawesi Tengah,Energy,Environmental Compliance Specialist,Powering Indonesia's future with sustainable energy.
204,Sejahtera Maju,petersonkimberly@gardner-rogers.org,759403LW,Company,Indonesia,Sumatera Utara,Agriculture,Agricultural Scientist,Empowering farmers with modern techniques.
205,Bersatu Harmoni,natalie11@martin.biz,349850Bk,Company,Indonesia,Kalimantan Timur,Hospitality,Travel Agent,Exceptional service and luxurious accommodations.
206,Cahaya Gemilang,berrymichelle@jackson.info,713036BU,Company,Indonesia,Kalimantan Timur,Environmental,Environmental Health and Safety Specialist,Your partner in eco-friendly solutions.
207,Prima Sentosa,michaelsherman@kennedy.info,817744uH,Company,Indonesia,DKI Jakarta,Legal,Criminal Defense Attorney,Protecting your interests through top-notch legal services.
208,Cemerlang Indah,stephaniehamilton@garcia.com,274870Le,Company,Indonesia,Sulawesi Tenggara,Telecommunications,Telecommunications Engineer,Providing seamless connectivity.
209,Bakti Sejahtera,jason57@chan.com,415660UK,Company,Indonesia,Sulawesi Tenggara,Automotive,Automotive Quality Engineer,Innovation in motion with cutting-edge automotive solutions.
210,Harum Gemilang,cindy99@marshall.com,837546dT,Company,Indonesia,Kepulauan Riau,Retail,Visual Merchandiser,Elevating the retail experience for customers.
211,Maju Bersama,cookkevin@cuevas.com,615824IA,Company,Indonesia,Jawa Barat,Consulting,IT Security Consultant,Your trusted advisor in business.
212,Sukses Sejahtera,katie70@day-smith.biz,475294yR,Company,Indonesia,Jawa Timur,Environmental,Environmental Health and Safety Specialist,Creating a greener and cleaner world.
213,Nusantara Cipta,nelsondonald@cortez.com,138590SM,Company,Indonesia,Sulawesi Tenggara,Legal,Criminal Defense Attorney,Your trusted legal partner.
214,Bersama Harmoni,lewisdebbie@rogers.com,949848eg,Company,Indonesia,Sulawesi Tenggara,Agriculture,Agricultural Scientist,Sustainable agriculture practices for a greener Indonesia.
215,Jaya Cipta,james83@molina.info,433669uQ,Company,Indonesia,Kalimantan Timur,Manufacturing,Entertainment Journalist,Innovative solutions in manufacturing.
216,Budi Jaya,banksalice@anderson-patton.biz,321659ux,Company,Indonesia,Jawa Timur,Transportation,Transportation Planner,Leaders in safe and convenient travel.
217,Gemilang Sukses,ocarter@patton-salinas.info,320197Kf,Company,Indonesia,Sulawesi Tenggara,Fashion,Patternmaker,Your destination for stylish and sustainable clothing.
218,Maju Harmoni,shane97@martin.com,755343gE,Company,Indonesia,Kepulauan Riau,Travel,Cruise Ship Director,Your gateway to unforgettable travel experiences.
219,Terang Bakti,penajames@compton.com,966174VC,Company,Indonesia,Sulawesi Tengah,Consulting,IT Security Consultant,Your trusted advisor in business.
220,Citra Sejahtera,hesscarol@miller.info,242441bD,Company,Indonesia,Papua Barat,Transportation,Transportation Planner,Connecting cities with efficient transportation solutions.
221,Murni Maju,kroth@kerr.com,006571Qj,Company,Indonesia,Jawa Timur,Agriculture,Agricultural Scientist,Boosting agricultural productivity and quality.
222,Maju Harmoni,swilliams@campbell.com,213728Fa,Company,Indonesia,Sumatera Utara,Hospitality,Travel Agent,Your home away from home.
223,Murni Cipta,kimberlysmith@collins.org,547732ZW,Company,Indonesia,Papua Barat,Pharmaceuticals,Pharmacy Technician,A commitment to health and well-being.
224,Karya Terang,phamtyler@roach.biz,335787lB,Company,Indonesia,Kalimantan Timur,E-commerce,Customer Support Specialist,Connecting buyers and sellers in a digital marketplace.
225,Mutiara Makmur,haley29@ballard.com,353519xp,Company,Indonesia,Banten,Retail,Visual Merchandiser,Elevating the retail experience for customers.
226,Jaya Bakti,angela07@white-buchanan.net,566434Xq,Company,Indonesia,Papua Barat,Healthcare,Medical Doctor,"Your health, our priority."
227,Gemilang Sukses,joshua09@jordan-estrada.com,866428wl,Company,Indonesia,Kepulauan Riau,Environmental,Environmental Health and Safety Specialist,Champions of environmental sustainability.
228,Makmur Jaya Tamasya,rballard@klein.biz,586175Na,Company,Indonesia,Kepulauan Riau,Education,Principal,Empowering minds through quality education.
229,Gemah Bina,bailey49@hamilton-miller.com,215084CX,Company,Indonesia,Jawa Barat,Retail,Visual Merchandiser,Delivering quality products and exceptional service.
230,Makmur Jaya Tamasya,zfletcher@richards-king.com,820911mK,Company,Indonesia,Sulawesi Tengah,Government,Government Analyst,"Your government, working for a better nation."
231,Cemerlang Indah,harrisdiane@preston.com,538513Fh,Company,Indonesia,Jawa Barat,Sports,Athletic Trainer,Your source for sports innovation and inspiration.
232,Mutiara Sejahtera,fhinton@cunningham.com,942254Ga,Company,Indonesia,Kalimantan Timur,E-commerce,Customer Support Specialist,Your gateway to a world of products.
233,Berkah Maju,ydavis@craig.net,539419gs,Company,Indonesia,Jawa Barat,Energy,Environmental Compliance Specialist,Innovative solutions for a cleaner environment.
234,Harum Gemilang,jaime52@james.biz,768405aR,Company,Indonesia,Jawa Timur,Energy,Environmental Compliance Specialist,Powering Indonesia's future with sustainable energy.
235,Kencana Sejahtera,yjohnson@kim-anderson.net,052940az,Company,Indonesia,Kepulauan Riau,Construction,Civil Engineering Technician,Creating structures that stand the test of time.
236,Jaya Sukses,ebrown@nelson-thomas.com,692974Ou,Company,Indonesia,Jawa Timur,Construction,Civil Engineering Technician,Building the future through quality construction.
237,Terang Bakti,jfoster@young.org,730921Vh,Company,Indonesia,Sulawesi Tenggara,Manufacturing,Entertainment Journalist,Crafting quality products for a better future.
238,Jaya Harmoni,fmcconnell@green.info,465830Cy,Company,Indonesia,Sulawesi Tengah,Fashion,Patternmaker,Express yourself with our fashion-forward collections.
239,Gemah Bina,jonathanbaker@rice.com,641461Ux,Company,Indonesia,Banten,Agriculture,Agricultural Scientist,Boosting agricultural productivity and quality.
240,Jaya Sukses,robert35@torres.info,006746gD,Company,Indonesia,Banten,Consulting,IT Security Consultant,Navigating challenges and unlocking opportunities.
241,Terang Jaya,sherryvasquez@whitehead.com,812564tl,Company,Indonesia,Kepulauan Riau,Manufacturing,Entertainment Journalist,Innovative solutions in manufacturing.
242,Prima Makmur,joseph88@wyatt-hunt.biz,356354Uf,Company,Indonesia,Banten,Retail,Visual Merchandiser,Elevating the retail experience for customers.
243,Harmoni Bersama,pricemichael@bridges.com,317329eN,Company,Indonesia,Jawa Barat,Environmental,Environmental Health and Safety Specialist,Creating a greener and cleaner world.
244,Harmoni Sukses,natalie11@chan.org,771474iC,Company,Indonesia,Sulawesi Tenggara,Logistics,Warehouse Supervisor,Your logistics partner for success.
245,Harmoni Bersama,mitchellnicholas@briggs.com,940339Rd,Company,Indonesia,Banten,Sports,Athletic Trainer,Promoting active lifestyles and sportsmanship.
246,Gemah Bina,sweeneybrandi@jacobs.com,888400qy,Company,Indonesia,Papua Barat,Retail,Visual Merchandiser,Elevating the retail experience for customers.
247,Harum Gemilang,lsmith@riley-lee.com,860225Ki,Company,Indonesia,Sulawesi Tenggara,Finance,Personal Financial Advisor,Driving economic growth through financial solutions.
248,Budi Jaya,fboyd@velazquez.net,808752jx,Company,Indonesia,Jawa Timur,Non-profit,Community Organizer,Creating a better world through philanthropy.
249,Citra Sejahtera,imoses@clark.biz,878496Yt,Company,Indonesia,Sulawesi Tenggara,Construction,Civil Engineering Technician,Your partner in construction excellence and innovation.
250,Jaya Cipta,brandonsanford@brown.com,173114NM,Company,Indonesia,Kepulauan Riau,Food and Beverage,Food Quality Assurance Specialist,Savor the taste of excellence with our culinary offerings.
251,Prima Makmur,natalie37@lee.org,091653cA,Company,Indonesia,Papua Barat,Automotive,Automotive Quality Engineer,Crafting vehicles that redefine the driving experience.
252,Bersatu Harmoni,hollymiles@soto.biz,751311es,Company,Indonesia,Papua Barat,Biotechnology,Biotech Lab Technician,Advancing biotechnology for a healthier world.
253,Maju Harmoni,kimberlyrichardson@simmons.com,269783ju,Company,Indonesia,Sumatera Utara,Sports,Athletic Trainer,Your source for sports innovation and inspiration.
254,Budi Jaya,zmiller@bolton-lin.net,931522oh,Company,Indonesia,Kepulauan Riau,Media and Entertainment,Media Planner,Bringing stories to life through media excellence.
255,Prima Sentosa,jeremy51@gomez-murphy.com,558679gO,Company,Indonesia,Sumatera Utara,E-commerce,Customer Support Specialist,Revolutionizing online shopping experiences.
256,Harmoni Bersama,james02@rodriguez-brown.com,720279hE,Company,Indonesia,Sumatera Utara,Insurance,Actuarial Analyst,Peace of mind through reliable insurance coverage.
257,Harmoni Sukses,michellemullins@murphy-coleman.net,562858zZ,Company,Indonesia,Kalimantan Timur,Construction,Civil Engineering Technician,Building the future through quality construction.
258,Prima Sentosa,michellesmith@hobbs.net,390394zh,Company,Indonesia,Jawa Timur,Energy,Environmental Compliance Specialist,Powering Indonesia's future with sustainable energy.
259,Sejahtera Maju,john64@lawrence.com,684727WZ,Company,Indonesia,Sulawesi Tengah,Retail,Visual Merchandiser,Delivering quality products and exceptional service.
260,Harum Gemilang,terricook@figueroa.com,284943Qn,Company,Indonesia,Sulawesi Tenggara,Agriculture,Agricultural Scientist,Empowering farmers with modern techniques.
261,Prima Makmur,brownrobert@west.net,774379uK,Company,Indonesia,Sulawesi Tenggara,Legal,Criminal Defense Attorney,Your trusted legal partner.
262,Indah Cipta,aaron31@powell.com,356030Bn,Company,Indonesia,Banten,Construction,Civil Engineering Technician,Creating structures that stand the test of time.
263,Maju Bersama,susan91@johnson.info,755343lk,Company,Indonesia,Kepulauan Riau,Fashion,Patternmaker,Express yourself with our fashion-forward collections.
264,Murni Cipta,npark@gordon-gregory.com,894959tH,Company,Indonesia,Jawa Timur,Finance,Personal Financial Advisor,Your trusted partner in financial services.
265,Bersama Harmoni,fcampbell@mccarthy.info,252936XL,Company,Indonesia,Kepulauan Riau,Logistics,Warehouse Supervisor,Your logistics partner for success.
266,Sejahtera Indah,willispaul@carter.biz,883929aW,Company,Indonesia,Banten,Agriculture,Agricultural Scientist,Boosting agricultural productivity and quality.
267,Bakti Sejahtera,hgonzalez@hill.com,335140ow,Company,Indonesia,Sumatera Utara,Healthcare,Medical Doctor,"Your health, our priority."
268,Mulia Harmoni,kimberlywatson@garcia.info,412029JQ,Company,Indonesia,Sumatera Utara,Biotechnology,Biotech Lab Technician,Innovative solutions in biopharmaceuticals and research.
269,Harapan Baru,fletcherryan@clark.com,599496LV,Company,Indonesia,Kalimantan Timur,Food and Beverage,Food Quality Assurance Specialist,Your source for quality food and beverage experiences.
270,Bersatu Makmur,ffox@price-sweeney.biz,588540zc,Company,Indonesia,Banten,Non-profit,Community Organizer,Making a positive impact through social responsibility.
271,Prima Makmur,davismorgan@brown-lucas.com,201608GZ,Company,Indonesia,Banten,Finance,Personal Financial Advisor,Your trusted partner in financial services.
272,Gemah Ripah,mathewssierra@hodges.com,264051FA,Company,Indonesia,Banten,Sports,Athletic Trainer,Your source for sports innovation and inspiration.
273,Terang Jaya,amberglass@moore-rodriguez.biz,609300cg,Company,Indonesia,Sulawesi Tenggara,Biotechnology,Biotech Lab Technician,Innovative solutions in biopharmaceuticals and research.
274,Nusantara Bersama,allenlisa@bush-aguilar.biz,215707aR,Company,Indonesia,Sulawesi Tengah,Manufacturing,Entertainment Journalist,Driving Indonesia's manufacturing sector.
275,Makmur Jaya Tamasya,taylorheather@small.com,042910sW,Company,Indonesia,Jawa Timur,Healthcare,Medical Doctor,"Your health, our priority."
276,Cahaya Gemilang,gallagherbrian@byrd.com,807535ip,Company,Indonesia,Jawa Barat,Travel,Cruise Ship Director,Your gateway to unforgettable travel experiences.
277,Bersama Harmoni,wernernathan@wilkinson.com,574405LW,Company,Indonesia,Kepulauan Riau,Government,Government Analyst,Serving the public with excellence and integrity.
278,Berkah Maju,hollandjasmine@smith.com,675068UG,Company,Indonesia,DKI Jakarta,Legal,Criminal Defense Attorney,Navigating legal complexities with expertise and integrity.
279,Gemilang Sukses,heatherclark@robinson.net,880209OO,Company,Indonesia,Sumatera Utara,Telecommunications,Telecommunications Engineer,Pioneering communication networks.
280,Bina Karya,jennifer68@berry.com,576430hG,Company,Indonesia,Jawa Barat,Marketing,Brand Strategist,Driving brand success through innovative marketing.
281,Prima Sentosa,cherrydylan@barron.com,324618Oz,Company,Indonesia,Sumatera Utara,Biotechnology,Biotech Lab Technician,Innovative solutions in biopharmaceuticals and research.
282,Prima Sentosa,fernandoweber@pearson.com,868749fC,Company,Indonesia,Banten,Manufacturing,Entertainment Journalist,Driving Indonesia's manufacturing sector.
283,Mutiara Sejahtera,csanchez@williams-patel.com,810907mV,Company,Indonesia,Sulawesi Tenggara,Fashion,Patternmaker,Your destination for stylish and sustainable clothing.
284,Gemilang Harmoni,thomasaaron@wilson.com,822236jz,Company,Indonesia,Kepulauan Riau,Information Technology,IT Consultant,Innovating with cutting-edge technology.
285,Citra Sejahtera,donnavasquez@alexander-chang.org,785136lb,Company,Indonesia,Jawa Timur,Food and Beverage,Food Quality Assurance Specialist,Savor the taste of excellence with our culinary offerings.
286,Cemerlang Sejahtera,gutierrezvirginia@soto.com,593542US,Company,Indonesia,Jawa Barat,Fashion,Patternmaker,Setting trends in Indonesian fashion.
287,Mutiara Makmur,vpope@davis.biz,745977RZ,Company,Indonesia,DKI Jakarta,Food and Beverage,Food Quality Assurance Specialist,Savor the taste of excellence with our culinary offerings.
288,Mutiara Sejahtera,jennifercunningham@miller.org,305146eQ,Company,Indonesia,DKI Jakarta,Legal,Criminal Defense Attorney,Navigating legal complexities with expertise and integrity.
289,Bersama Harmoni,karen03@huynh.com,384315Pq,Company,Indonesia,Papua Barat,Logistics,Warehouse Supervisor,Efficient and reliable logistics solutions.
290,Jaya Bakti,zedwards@costa.com,550863yf,Company,Indonesia,Sulawesi Tengah,Consulting,IT Security Consultant,Navigating challenges and unlocking opportunities.
291,Surya Kencana,anthonywebb@martin.com,194774lU,Company,Indonesia,Banten,Retail,Visual Merchandiser,Delivering quality products and exceptional service.
292,Harapan Baru,velasquezsharon@adams-waters.org,015223TU,Company,Indonesia,Kepulauan Riau,Food and Beverage,Food Quality Assurance Specialist,Savor the taste of excellence with our culinary offerings.
293,Bersatu Harmoni,samanthadunn@taylor-white.com,298741La,Company,Indonesia,Sulawesi Tenggara,Construction,Civil Engineering Technician,Building the future through quality construction.
294,Kencana Sejahtera,jasminemiller@rivera.com,170518Uw,Company,Indonesia,Banten,Marketing,Brand Strategist,Driving brand success through innovative marketing.
295,Bersatu Makmur,petersonsteven@parker-kerr.com,020297MX,Company,Indonesia,Jawa Timur,Finance,Personal Financial Advisor,Your trusted partner in financial services.
296,Gemilang Harmoni,anthony30@herrera.com,786870iD,Company,Indonesia,DKI Jakarta,Insurance,Actuarial Analyst,Protecting what matters most through comprehensive insurance.
297,Mandiri Makmur,megan14@hancock-gibson.info,539847WZ,Company,Indonesia,DKI Jakarta,Marketing,Brand Strategist,Your partner in strategic and effective marketing campaigns.
298,Jaya Cipta,vduke@brown.net,078980OZ,Company,Indonesia,Papua Barat,Transportation,Transportation Planner,Leaders in safe and convenient travel.
299,Kencana Sejahtera,roger70@conner.com,291476vp,Company,Indonesia,Kepulauan Riau,Insurance,Actuarial Analyst,Your trusted partner in risk management.
300,Gemilang Harmoni,lynchkeith@miller.com,718741OM,Company,Indonesia,Kalimantan Timur,Construction,Civil Engineering Technician,Building the future through quality construction.
301,Sukses Sejahtera,michaela72@park.org,624190Ik,Company,Indonesia,Jawa Barat,Transportation,Transportation Planner,Driving Indonesia forward through reliable transportation.
302,Nusantara Cipta,vhernandez@hammond.net,155840QX,Company,Indonesia,Jawa Timur,Food and Beverage,Food Quality Assurance Specialist,Delicious flavors and culinary innovation.
303,Murni Maju,wilsonmichael@campbell.com,428771rP,Company,Indonesia,Sumatera Utara,Insurance,Actuarial Analyst,Your trusted partner in risk management.
304,Sejahtera Indah,jennifer60@velasquez.com,499802jq,Company,Indonesia,Jawa Barat,Finance,Personal Financial Advisor,Financial excellence and innovation.
305,Harapan Baru,bakermark@hull.info,994220gX,Company,Indonesia,Sulawesi Tengah,Energy,Environmental Compliance Specialist,Leaders in energy efficiency and reliability.
306,Bersatu Harmoni,ucobb@goodwin-poole.com,791259wA,Company,Indonesia,Jawa Barat,Agriculture,Agricultural Scientist,Sustainable agriculture practices for a greener Indonesia.
307,Murni Cipta,cynthia77@fitzgerald.com,649268JU,Company,Indonesia,Kepulauan Riau,Pharmaceuticals,Pharmacy Technician,Advancing healthcare with groundbreaking pharmaceuticals.
308,Cemerlang Indah,samuelharris@nguyen.net,906532sn,Company,Indonesia,Sulawesi Tenggara,Education,Principal,Innovative and inclusive learning environments.
309,Citra Sejahtera,danielle88@hatfield.com,801942DS,Company,Indonesia,Kepulauan Riau,Information Technology,IT Consultant,Revolutionizing IT solutions in Indonesia.
310,Terang Bakti,pamelaharris@burton.com,489328SN,Company,Indonesia,Jawa Timur,Food and Beverage,Food Quality Assurance Specialist,Delicious flavors and culinary innovation.
311,Terang Jaya,ekelley@martinez.com,190466RG,Company,Indonesia,Kepulauan Riau,Healthcare,Medical Doctor,Advancing medical technology for better patient outcomes.
312,Makmur Jaya Tamasya,brittanycook@gray.org,513763tn,Company,Indonesia,Papua Barat,Information Technology,IT Consultant,Leaders in IT excellence.
313,Citra Sejahtera,xjohnson@dixon.org,631243jZ,Company,Indonesia,Kalimantan Timur,Fashion,Patternmaker,Express yourself with our fashion-forward collections.
314,Harmoni Sukses,sydneydodson@blevins.com,203199Hc,Company,Indonesia,Kepulauan Riau,Travel,Cruise Ship Director,Exploring the world with exceptional travel services.
315,Gemilang Harmoni,espinozamargaret@little-white.com,610332Sc,Company,Indonesia,Sulawesi Tengah,Finance,Personal Financial Advisor,Driving economic growth through financial solutions.
316,Gemah Ripah,bmartinez@bean.com,763976tb,Company,Indonesia,Sulawesi Tengah,Real Estate,Real Estate Attorney,Creating homes for a better future.
317,Mulia Harmoni,timothywilliams@villanueva.com,545995HX,Company,Indonesia,Papua Barat,Information Technology,IT Consultant,Revolutionizing IT solutions in Indonesia.
318,Sejahtera Maju,timothymoore@bowman.info,808965tA,Company,Indonesia,Sulawesi Tenggara,Agriculture,Agricultural Scientist,Sustainable agriculture practices for a greener Indonesia.
319,Mitra Utama,wscott@wright-gomez.com,545842yT,Company,Indonesia,Banten,Marketing,Brand Strategist,Driving brand success through innovative marketing.
320,Berkah Maju,sowens@torres-white.com,577022dQ,Company,Indonesia,Sulawesi Tengah,Agriculture,Agricultural Scientist,Sustainable agriculture practices for a greener Indonesia.
321,Mutiara Sejahtera,joshua14@evans.org,711193bF,Company,Indonesia,Sumatera Utara,Pharmaceuticals,Pharmacy Technician,A commitment to health and well-being.
322,Bersama Harmoni,gregorywright@howard.com,376649qv,Company,Indonesia,Sulawesi Tengah,Healthcare,Medical Doctor,Committed to providing quality healthcare services.
323,Harapan Baru,amandahaley@ellis.biz,854958MA,Company,Indonesia,DKI Jakarta,Biotechnology,Biotech Lab Technician,Innovative solutions in biopharmaceuticals and research.
324,Karya Terang,andersonholly@johnston-brown.com,104293AT,Company,Indonesia,Sumatera Utara,Hospitality,Travel Agent,Your home away from home.
325,Kencana Sejahtera,adrianmack@booth-norris.com,944957Ul,Company,Indonesia,Jawa Barat,Non-profit,Community Organizer,Your partner in charitable initiatives and community development.
326,Sentosa Makmur,josephbuck@johnson.com,247167ZI,Company,Indonesia,Jawa Timur,Food and Beverage,Food Quality Assurance Specialist,Your source for quality food and beverage experiences.
327,Kencana Sejahtera,ruizkatherine@phillips-harris.com,582880Qb,Company,Indonesia,DKI Jakarta,Consulting,IT Security Consultant,Navigating challenges and unlocking opportunities.
328,Gemah Bina,ltaylor@shields.com,848498oG,Company,Indonesia,Banten,Pharmaceuticals,Pharmacy Technician,Advancing healthcare with groundbreaking pharmaceuticals.
329,Harum Gemilang,joshuawilliams@bailey-sanders.biz,955321lj,Company,Indonesia,Jawa Timur,E-commerce,Customer Support Specialist,Your gateway to a world of products.
330,Maju Bersama,jonathan46@daniel-goodwin.net,891124KD,Company,Indonesia,Sulawesi Tengah,Education,Principal,Innovative and inclusive learning environments.
331,Jaya Harmoni,quinnthomas@hubbard-taylor.com,317509uJ,Company,Indonesia,Papua Barat,Environmental,Environmental Health and Safety Specialist,Champions of environmental sustainability.
332,Citra Sejahtera,oscarkim@pham-kaufman.com,835234xt,Company,Indonesia,Sulawesi Tenggara,Finance,Personal Financial Advisor,Driving economic growth through financial solutions.
333,Citra Harmoni,joshuabowers@brown.com,776958kQ,Company,Indonesia,Kalimantan Timur,Government,Government Analyst,Building a prosperous and inclusive society through effective governance.
334,Kencana Sejahtera,craig89@crane.com,355302JG,Company,Indonesia,Kalimantan Timur,Government,Government Analyst,"Your government, working for a better nation."
335,Surya Kencana,michael95@romero.biz,260272bv,Company,Indonesia,Kepulauan Riau,Fashion,Patternmaker,Your destination for stylish and sustainable clothing.
336,Jaya Harmoni,cmitchell@johnson.org,586271jU,Company,Indonesia,DKI Jakarta,Automotive,Automotive Quality Engineer,Innovation in motion with cutting-edge automotive solutions.
337,Gemilang Harmoni,jessica06@summers-smith.com,897701OG,Company,Indonesia,Sulawesi Tenggara,Information Technology,IT Consultant,Revolutionizing IT solutions in Indonesia.
338,Gemilang Harmoni,nataliearmstrong@rodriguez.org,156416gE,Company,Indonesia,Sumatera Utara,Consulting,IT Security Consultant,Your trusted advisor in business.
339,Bersatu Makmur,john10@becker.com,805146VP,Company,Indonesia,Sulawesi Tengah,Transportation,Transportation Planner,Leaders in safe and convenient travel.
340,Bersatu Harmoni,amurray@rojas.info,092423vJ,Company,Indonesia,Sulawesi Tengah,Non-profit,Community Organizer,Creating a better world through philanthropy.
341,Mitra Utama,christopherbridges@wilson.com,235489on,Company,Indonesia,Sumatera Utara,Finance,Personal Financial Advisor,Your trusted partner in financial services.
342,Bersama Harmoni,tiffanypowers@walls.com,284210Cu,Company,Indonesia,Banten,Pharmaceuticals,Pharmacy Technician,A commitment to health and well-being.
343,Sinar Abadi,bethanyward@bell.com,629742Dw,Company,Indonesia,Banten,Construction,Civil Engineering Technician,Your partner in construction excellence and innovation.
344,Bakti Sejahtera,sramirez@blanchard-scott.com,181583jy,Company,Indonesia,Jawa Timur,Consulting,IT Security Consultant,Strategic consulting for business success.
345,Mandiri Makmur,zcosta@bond.com,951839du,Company,Indonesia,Kepulauan Riau,Marketing,Brand Strategist,Elevating brands through creative marketing solutions.
346,Gemah Ripah,rachelhawkins@west.com,318806uK,Company,Indonesia,Jawa Timur,Pharmaceuticals,Pharmacy Technician,Leaders in pharmaceutical innovation.
347,Gemilang Harmoni,bruce93@delgado.net,714352GJ,Company,Indonesia,Kepulauan Riau,Pharmaceuticals,Pharmacy Technician,Advancing healthcare with groundbreaking pharmaceuticals.
348,Cemerlang Indah,sarahbrandt@ward.net,479427Ri,Company,Indonesia,Kepulauan Riau,E-commerce,Customer Support Specialist,Connecting buyers and sellers in a digital marketplace.
349,Sejahtera Maju,matthewturner@bell-murphy.com,481531Sf,Company,Indonesia,Banten,Government,Government Analyst,Building a prosperous and inclusive society through effective governance.
350,Jaya Harmoni,cynthia76@patel-conrad.com,433981ZA,Company,Indonesia,Sumatera Utara,Automotive,Automotive Quality Engineer,Driving the future of transportation.
351,Harmoni Sukses,pharris@stephens.com,920203KR,Company,Indonesia,DKI Jakarta,Insurance,Actuarial Analyst,Your trusted partner in risk management.
352,Surya Kencana,oreeves@nolan.com,895121Do,Company,Indonesia,Jawa Timur,Healthcare,Medical Doctor,"Your health, our priority."
353,Harum Gemilang,antoniofranklin@hernandez.net,225577sX,Company,Indonesia,Sumatera Utara,Logistics,Warehouse Supervisor,Efficient and reliable logistics solutions.
354,Mutiara Sejahtera,joshuabell@rollins-smith.org,502804jL,Company,Indonesia,Banten,Travel,Cruise Ship Director,Creating memories through unparalleled travel adventures.
355,Harapan Baru,hbrown@dawson.info,590456wG,Company,Indonesia,Sumatera Utara,Legal,Criminal Defense Attorney,Navigating legal complexities with expertise and integrity.
356,Mandiri Makmur,ashleytucker@rollins.net,360274ZA,Company,Indonesia,Sumatera Utara,Real Estate,Real Estate Attorney,Creating homes for a better future.
357,Bakti Sejahtera,evanfisher@hanson-brown.net,358531Qd,Company,Indonesia,Sulawesi Tenggara,Marketing,Brand Strategist,Driving brand success through innovative marketing.
358,Jaya Murni,donald07@johnson.com,622494Ix,Company,Indonesia,Sulawesi Tenggara,Biotechnology,Biotech Lab Technician,Advancing biotechnology for a healthier world.
359,Cahaya Gemilang,amber76@rose.com,536884ku,Company,Indonesia,Kalimantan Timur,Construction,Civil Engineering Technician,Building the future through quality construction.
360,Gemilang Sukses,michael04@watts.com,129704gF,Company,Indonesia,DKI Jakarta,Non-profit,Community Organizer,Creating a better world through philanthropy.
361,Gemah Bina,adavis@choi.com,734869id,Company,Indonesia,Sumatera Utara,Construction,Civil Engineering Technician,Your partner in construction excellence and innovation.
362,Mitra Utama,denise97@gonzalez.com,553976nd,Company,Indonesia,Sulawesi Tengah,Construction,Civil Engineering Technician,Your partner in construction excellence and innovation.
363,Maju Harmoni,rhodesdaniel@roberts.com,150149sM,Company,Indonesia,DKI Jakarta,Non-profit,Community Organizer,Creating a better world through philanthropy.
364,Mitra Utama,msmith@snyder-dawson.com,859081UO,Company,Indonesia,Jawa Barat,Insurance,Actuarial Analyst,Peace of mind through reliable insurance coverage.
365,Prima Sentosa,hgarner@christensen.com,572348qw,Company,Indonesia,Sulawesi Tenggara,Finance,Personal Financial Advisor,Driving economic growth through financial solutions.
366,Citra Sejahtera,amanda73@sanchez.com,989374WH,Company,Indonesia,Kalimantan Timur,Food and Beverage,Food Quality Assurance Specialist,Delicious flavors and culinary innovation.
367,Mandiri Makmur,justin25@mora.net,683560wb,Company,Indonesia,Sulawesi Tenggara,Manufacturing,Entertainment Journalist,Innovative solutions in manufacturing.
368,Karya Terang,tinabrooks@wagner.com,282640LZ,Company,Indonesia,Kalimantan Timur,Energy,Environmental Compliance Specialist,Leaders in energy efficiency and reliability.
369,Cemerlang Indah,robertrogers@oneal-miller.com,532780aj,Company,Indonesia,DKI Jakarta,Marketing,Brand Strategist,Elevating brands through creative marketing solutions.
370,Prima Makmur,ashleylopez@martinez-garcia.com,230696fK,Company,Indonesia,DKI Jakarta,Legal,Criminal Defense Attorney,Protecting your interests through top-notch legal services.
371,Bersatu Makmur,longdorothy@nguyen.com,213796KD,Company,Indonesia,Sumatera Utara,Media and Entertainment,Media Planner,Your source for quality entertainment.
372,Jaya Harmoni,trevinocorey@lopez.org,926748QM,Company,Indonesia,Kepulauan Riau,Telecommunications,Telecommunications Engineer,Providing seamless connectivity.
373,Sinar Abadi,mckinneyamber@white.com,500613lv,Company,Indonesia,Sumatera Utara,Pharmaceuticals,Pharmacy Technician,Advancing healthcare with groundbreaking pharmaceuticals.
374,Bakti Sejahtera,douglas12@glenn-fleming.com,365767Yd,Company,Indonesia,Sulawesi Tengah,Legal,Criminal Defense Attorney,Your trusted legal partner.
375,Harmoni Bersama,hshaw@cain-evans.com,854902la,Company,Indonesia,Banten,Telecommunications,Telecommunications Engineer,Pioneering communication networks.
376,Nusantara Bersama,ywilliams@green.biz,057969ui,Company,Indonesia,Kalimantan Timur,Government,Government Analyst,"Your government, working for a better nation."
377,Mutiara Makmur,fuenteslisa@cameron.info,241228LE,Company,Indonesia,Sulawesi Tengah,Consulting,IT Security Consultant,Navigating challenges and unlocking opportunities.
378,Citra Sejahtera,kyleevans@brooks.biz,251769eh,Company,Indonesia,Sulawesi Tenggara,Information Technology,IT Consultant,Innovating with cutting-edge technology.
379,Cahaya Gemilang,fwelch@scott-carlson.com,162140UC,Company,Indonesia,DKI Jakarta,Travel,Cruise Ship Director,Your gateway to unforgettable travel experiences.
380,Mitra Utama,ybradford@gray-mccarthy.org,571167xS,Company,Indonesia,Kepulauan Riau,Retail,Visual Merchandiser,Your one-stop shopping destination.
381,Jaya Murni,smalldavid@cruz.com,810307nr,Company,Indonesia,Sumatera Utara,Sports,Athletic Trainer,Passion for sports excellence.
382,Gemah Bina,btate@suarez-martinez.com,738025SD,Company,Indonesia,Kepulauan Riau,Insurance,Actuarial Analyst,Peace of mind through reliable insurance coverage.
383,Murni Cipta,sheliaespinoza@carter-rice.com,284789rg,Company,Indonesia,Sumatera Utara,Finance,Personal Financial Advisor,Financial excellence and innovation.
384,Bersatu Harmoni,emily21@banks.com,469772Zm,Company,Indonesia,Jawa Barat,Education,Principal,Shaping future generations through education.
385,Bina Karya,christinaanderson@waters.com,069398mB,Company,Indonesia,Jawa Timur,Marketing,Brand Strategist,Elevating brands through creative marketing solutions.
386,Nusantara Bersama,matthewmoore@fitzpatrick.com,806004mE,Company,Indonesia,Kalimantan Timur,Manufacturing,Entertainment Journalist,Driving Indonesia's manufacturing sector.
387,Harum Gemilang,randytaylor@jackson.net,807792IA,Company,Indonesia,Sulawesi Tengah,Government,Government Analyst,Serving the public with excellence and integrity.
388,Maju Bersama,laraaustin@perez.net,461525gt,Company,Indonesia,Kepulauan Riau,Education,Principal,Innovative and inclusive learning environments.
389,Jaya Bakti,jessicabolton@walker.org,241198YY,Company,Indonesia,Jawa Barat,Real Estate,Real Estate Attorney,Building communities and transforming spaces.
390,Gemah Ripah,leekelly@rogers-garcia.org,610215vE,Company,Indonesia,Jawa Barat,Information Technology,IT Consultant,Leaders in IT excellence.
391,Sukses Sejahtera,igreen@phillips-lopez.com,657726mo,Company,Indonesia,Kepulauan Riau,Information Technology,IT Consultant,Leaders in IT excellence.
392,Sinar Abadi,ashleywelch@perez.com,929900kT,Company,Indonesia,Sulawesi Tengah,Pharmaceuticals,Pharmacy Technician,Advancing healthcare with groundbreaking pharmaceuticals.
393,Jaya Harmoni,davidpark@moore.info,189296AK,Company,Indonesia,Papua Barat,Insurance,Actuarial Analyst,Peace of mind through reliable insurance coverage.
394,Mutiara Sejahtera,amanda30@valentine.com,830109mj,Company,Indonesia,Sulawesi Tenggara,Media and Entertainment,Media Planner,Your source for quality entertainment.
395,Sinar Abadi,wmeyer@schultz.com,520908Lh,Company,Indonesia,Jawa Timur,Construction,Civil Engineering Technician,Your partner in construction excellence and innovation.
396,Gemah Bina,cfuller@johnson.com,763521bQ,Company,Indonesia,Kalimantan Timur,Fashion,Patternmaker,Setting trends in Indonesian fashion.
397,Citra Sejahtera,derrick31@powell-barrett.com,970851VD,Company,Indonesia,Kalimantan Timur,Construction,Civil Engineering Technician,Creating structures that stand the test of time.
398,Bakti Sejahtera,bradley79@thompson-kline.biz,937284vn,Company,Indonesia,Sumatera Utara,Marketing,Brand Strategist,Driving brand success through innovative marketing.
399,Gemilang Sukses,miranda12@haney-sanders.com,279213ey,Company,Indonesia,Banten,Legal,Criminal Defense Attorney,Protecting your interests through top-notch legal services.
400,Prima Sentosa,cburke@leblanc.net,144766hS,Company,Indonesia,Banten,Food and Beverage,Food Quality Assurance Specialist,Your source for quality food and beverage experiences.
401,Sejahtera Indah,sparks@johnson.biz,301558nr,Company,Indonesia,Banten,Hospitality,Travel Agent,Your home away from home.
402,Surya Kencana,gomezlindsay@adams-mckee.com,982292DX,Company,Indonesia,Jawa Barat,Telecommunications,Telecommunications Engineer,Providing seamless connectivity.
403,Prima Sentosa,daniel97@mathis.com,789954mQ,Company,Indonesia,Sulawesi Tenggara,Non-profit,Community Organizer,Making a positive impact through social responsibility.
404,Nusantara Cipta,millerpaul@gomez.org,840426iX,Company,Indonesia,DKI Jakarta,Marketing,Brand Strategist,Your partner in strategic and effective marketing campaigns.
405,Cemerlang Sejahtera,evelasquez@jackson.org,366695Lh,Company,Indonesia,Kalimantan Timur,Logistics,Warehouse Supervisor,Connecting businesses through seamless supply chain management.
406,Mandiri Makmur,debra13@smith-smith.com,879573pz,Company,Indonesia,Banten,Government,Government Analyst,"Your government, working for a better nation."
407,Sinar Abadi,campbelltyler@perez.net,905916XK,Company,Indonesia,Sulawesi Tengah,Hospitality,Travel Agent,Your home away from home.
408,Maju Bersama,jameswilkerson@obrien.biz,078528Vw,Company,Indonesia,Jawa Timur,Biotechnology,Biotech Lab Technician,Innovative solutions in biopharmaceuticals and research.
409,Sejahtera Maju,jennifer30@williams-rivera.com,236609oO,Company,Indonesia,Jawa Timur,Environmental,Environmental Health and Safety Specialist,Champions of environmental sustainability.
410,Citra Harmoni,juliaklein@jenkins-gomez.com,092945pz,Company,Indonesia,Papua Barat,Construction,Civil Engineering Technician,Creating structures that stand the test of time.
411,Jaya Cipta,bwright@mcintyre.com,894895iR,Company,Indonesia,Jawa Timur,Automotive,Automotive Quality Engineer,Driving the future of transportation.
412,Budi Jaya,aliciahancock@andrews.com,066729ii,Company,Indonesia,Kepulauan Riau,Environmental,Environmental Health and Safety Specialist,Creating a greener and cleaner world.
413,Bersatu Harmoni,ryanstephens@marsh.com,413186dK,Company,Indonesia,Sulawesi Tengah,Construction,Civil Engineering Technician,Your partner in construction excellence and innovation.
414,Harmoni Sukses,jeffreycabrera@medina-curtis.com,991596dZ,Company,Indonesia,Kepulauan Riau,Manufacturing,Entertainment Journalist,Driving Indonesia's manufacturing sector.
415,Sinar Abadi,franciscoshepherd@aguilar.biz,485713qh,Company,Indonesia,Jawa Barat,Manufacturing,Entertainment Journalist,Driving Indonesia's manufacturing sector.
416,Cemerlang Indah,danielle00@gallegos.com,279095rV,Company,Indonesia,Jawa Timur,Retail,Visual Merchandiser,Your one-stop shopping destination.
417,Sejahtera Indah,kgreer@snyder-davidson.com,240516LQ,Company,Indonesia,Sulawesi Tenggara,Legal,Criminal Defense Attorney,Navigating legal complexities with expertise and integrity.
418,Mandiri Makmur,sarahmedina@reyes.com,311850aK,Company,Indonesia,DKI Jakarta,Agriculture,Agricultural Scientist,Empowering farmers with modern techniques.
419,Gemilang Harmoni,william92@romero-meyers.com,604846yy,Company,Indonesia,Jawa Timur,Information Technology,IT Consultant,Innovating with cutting-edge technology.
420,Sejahtera Indah,umiller@barrera.net,494167hJ,Company,Indonesia,Jawa Barat,Environmental,Environmental Health and Safety Specialist,Champions of environmental sustainability.
421,Nusantara Bersama,ashley10@white-stewart.com,575967Lb,Company,Indonesia,Kepulauan Riau,Logistics,Warehouse Supervisor,Connecting businesses through seamless supply chain management.
422,Harmoni Sukses,olsonbrittany@hernandez.org,390119AH,Company,Indonesia,Sumatera Utara,Information Technology,IT Consultant,Innovating with cutting-edge technology.
423,Karya Terang,gonzalezlaurie@melendez.com,780294Us,Company,Indonesia,DKI Jakarta,Insurance,Actuarial Analyst,Peace of mind through reliable insurance coverage.
424,Citra Harmoni,ghampton@garcia.com,681892YG,Company,Indonesia,Sulawesi Tengah,Non-profit,Community Organizer,Creating a better world through philanthropy.
425,Gemah Ripah,webblynn@thompson.info,734554jQ,Company,Indonesia,Sulawesi Tengah,Hospitality,Travel Agent,Creating memorable experiences in hospitality.
426,Terang Jaya,ywarren@parsons.info,183278Eh,Company,Indonesia,Kalimantan Timur,Logistics,Warehouse Supervisor,Connecting businesses through seamless supply chain management.
427,Jaya Sukses,hawkinsbrian@garrett-golden.com,440504lD,Company,Indonesia,Banten,Biotechnology,Biotech Lab Technician,Leaders in biotech excellence.
428,Mutiara Makmur,evanspeter@fields-mitchell.org,187164Ri,Company,Indonesia,Sumatera Utara,Marketing,Brand Strategist,Elevating brands through creative marketing solutions.
429,Sentosa Makmur,roycantrell@harrison.net,236200jX,Company,Indonesia,Kepulauan Riau,Construction,Civil Engineering Technician,Creating structures that stand the test of time.
430,Budi Jaya,gary36@curtis.com,622147hY,Company,Indonesia,Banten,Consulting,IT Security Consultant,Strategic consulting for business success.
431,Gemilang Sukses,angelahiggins@nichols.org,072107fo,Company,Indonesia,DKI Jakarta,Retail,Visual Merchandiser,Elevating the retail experience for customers.
432,Gemilang Sukses,walkeramy@garrett.biz,537512zd,Company,Indonesia,Kepulauan Riau,Transportation,Transportation Planner,Connecting cities with efficient transportation solutions.
433,Maju Bersama,moorejasmine@mccoy.info,132616ti,Company,Indonesia,Sulawesi Tengah,Energy,Environmental Compliance Specialist,Powering Indonesia's future with sustainable energy.
434,Cemerlang Sejahtera,sshea@pruitt-norris.com,971647ap,Company,Indonesia,Jawa Timur,Biotechnology,Biotech Lab Technician,Advancing biotechnology for a healthier world.
435,Terang Bakti,perezkathryn@smith-fox.com,561119fI,Company,Indonesia,Sulawesi Tengah,Insurance,Actuarial Analyst,Protecting what matters most through comprehensive insurance.
436,Mutiara Sejahtera,gabrielphillips@nielsen-allen.com,637781NV,Company,Indonesia,Sulawesi Tengah,Legal,Criminal Defense Attorney,Navigating legal complexities with expertise and integrity.
437,Harmoni Bersama,marksmadison@turner.com,757055xP,Company,Indonesia,Jawa Timur,E-commerce,Customer Support Specialist,Revolutionizing online shopping experiences.
438,Jaya Harmoni,robertroberts@martin.biz,919831vS,Company,Indonesia,DKI Jakarta,Travel,Cruise Ship Director,Exploring the world with exceptional travel services.
439,Sejahtera Indah,steven13@lutz-morgan.com,041722sq,Company,Indonesia,Papua Barat,Automotive,Automotive Quality Engineer,Innovation in motion with cutting-edge automotive solutions.
440,Bersama Harmoni,ncox@nicholson.com,645338Pm,Company,Indonesia,Banten,Pharmaceuticals,Pharmacy Technician,A commitment to health and well-being.
441,Citra Sejahtera,jonesanita@johnson.com,131298Dj,Company,Indonesia,Kepulauan Riau,Manufacturing,Entertainment Journalist,Driving Indonesia's manufacturing sector.
442,Bina Karya,hamptonsherry@bailey.com,343771DF,Company,Indonesia,Kalimantan Timur,Retail,Visual Merchandiser,Your one-stop shopping destination.
443,Surya Kencana,christopherlarson@kidd-harvey.biz,249839hN,Company,Indonesia,Kepulauan Riau,Information Technology,IT Consultant,Leaders in IT excellence.
444,Mutiara Sejahtera,amyscott@orr.net,393732nM,Company,Indonesia,Banten,Pharmaceuticals,Pharmacy Technician,A commitment to health and well-being.
445,Mitra Utama,michaelharper@mcconnell.biz,015197FN,Company,Indonesia,Kalimantan Timur,Non-profit,Community Organizer,Your partner in charitable initiatives and community development.
446,Maju Harmoni,mariamorton@obrien.com,253066pE,Company,Indonesia,Sulawesi Tengah,Travel,Cruise Ship Director,Creating memories through unparalleled travel adventures.
447,Jaya Bakti,michael88@hall.org,677175IZ,Company,Indonesia,Papua Barat,Finance,Personal Financial Advisor,Your trusted partner in financial services.
448,Terang Jaya,jonathonjuarez@edwards.net,415293SD,Company,Indonesia,Jawa Timur,Real Estate,Real Estate Attorney,Creating homes for a better future.
449,Gemah Ripah,cthompson@copeland.net,982496gB,Company,Indonesia,Papua Barat,Media and Entertainment,Media Planner,Bringing stories to life through media excellence.
450,Cemerlang Sejahtera,charles84@jones-mcfarland.com,368840HH,Company,Indonesia,Papua Barat,Construction,Civil Engineering Technician,Your partner in construction excellence and innovation.
451,Citra Harmoni,johnsoncurtis@martinez.com,055866rX,Company,Indonesia,Kalimantan Timur,Healthcare,Medical Doctor,"Your health, our priority."
452,Murni Maju,michaelmay@mcdowell.com,940954kg,Company,Indonesia,Jawa Timur,Energy,Environmental Compliance Specialist,Leaders in energy efficiency and reliability.
453,Cemerlang Indah,michelle33@smith-proctor.com,751752Oo,Company,Indonesia,Papua Barat,Food and Beverage,Food Quality Assurance Specialist,Delicious flavors and culinary innovation.
454,Harmoni Sukses,katelyn99@cunningham.com,235834gK,Company,Indonesia,Banten,Real Estate,Real Estate Attorney,Building communities and transforming spaces.
455,Gemah Ripah,carsonanna@bryant.com,681416nS,Company,Indonesia,Kepulauan Riau,Marketing,Brand Strategist,Your partner in strategic and effective marketing campaigns.
456,Jaya Bakti,michaelcervantes@williams.com,578200Lk,Company,Indonesia,Sumatera Utara,Finance,Personal Financial Advisor,Financial excellence and innovation.
457,Maju Bersama,russellshannon@smith.com,181004SV,Company,Indonesia,Jawa Barat,Energy,Environmental Compliance Specialist,Innovative solutions for a cleaner environment.
458,Mandiri Makmur,mario23@wolf-parrish.info,375157kJ,Company,Indonesia,Kepulauan Riau,Sports,Athletic Trainer,Passion for sports excellence.
459,Jaya Sukses,walkergregory@house-black.net,006377We,Company,Indonesia,Sulawesi Tenggara,Consulting,IT Security Consultant,Your trusted advisor in business.
460,Karya Terang,donna51@dixon-romero.com,116936Zq,Company,Indonesia,Kepulauan Riau,Construction,Civil Engineering Technician,Creating structures that stand the test of time.
461,Bakti Sejahtera,henryharris@frank.com,500705rk,Company,Indonesia,Jawa Barat,Non-profit,Community Organizer,Your partner in charitable initiatives and community development.
462,Bersatu Harmoni,kayla86@pugh.com,498112LV,Company,Indonesia,Papua Barat,E-commerce,Customer Support Specialist,Connecting buyers and sellers in a digital marketplace.
463,Harum Gemilang,christopher33@gilbert.org,996716el,Company,Indonesia,Papua Barat,Construction,Civil Engineering Technician,Building the future through quality construction.
464,Harum Gemilang,lisa13@moss.info,283245Yc,Company,Indonesia,Sulawesi Tenggara,Pharmaceuticals,Pharmacy Technician,Advancing healthcare with groundbreaking pharmaceuticals.
465,Harmoni Bersama,joshua38@shepherd.biz,418090YY,Company,Indonesia,Papua Barat,Education,Principal,Empowering minds through quality education.
466,Murni Cipta,dean88@herman.com,983305Pn,Company,Indonesia,Kepulauan Riau,Sports,Athletic Trainer,Passion for sports excellence.
467,Sejahtera Maju,bchristensen@cabrera.org,490893Hz,Company,Indonesia,Jawa Barat,Media and Entertainment,Media Planner,Bringing stories to life through media excellence.
468,Indah Cipta,hernandezjulie@hines-kelley.net,904176Bh,Company,Indonesia,Kepulauan Riau,Agriculture,Agricultural Scientist,Empowering farmers with modern techniques.
469,Indah Cipta,deborahjohnston@gonzalez-wagner.com,737272Mb,Company,Indonesia,Banten,Logistics,Warehouse Supervisor,Efficient and reliable logistics solutions.
470,Harum Gemilang,vangkatie@herrera.com,978198Zp,Company,Indonesia,Banten,Pharmaceuticals,Pharmacy Technician,Advancing healthcare with groundbreaking pharmaceuticals.
471,Karya Terang,ctaylor@johnson-cox.net,198083HE,Company,Indonesia,Jawa Barat,Energy,Environmental Compliance Specialist,Leaders in energy efficiency and reliability.
472,Sentosa Makmur,matthew72@williams.com,286365je,Company,Indonesia,Jawa Timur,Legal,Criminal Defense Attorney,Your trusted legal partner.
473,Gemilang Sukses,brookssamantha@wilson.biz,074802oK,Company,Indonesia,Jawa Timur,Media and Entertainment,Media Planner,Bringing stories to life through media excellence.
474,Harapan Baru,michael73@jimenez.org,315461Od,Company,Indonesia,Jawa Barat,Manufacturing,Entertainment Journalist,Innovative solutions in manufacturing.
475,Bina Karya,eddiejohnson@werner.net,174508xi,Company,Indonesia,Jawa Barat,Manufacturing,Entertainment Journalist,Crafting quality products for a better future.
476,Prima Makmur,jasminefisher@coleman.net,816018xs,Company,Indonesia,DKI Jakarta,Healthcare,Medical Doctor,"Your health, our priority."
477,Prima Sentosa,amanda22@black.biz,744814Kn,Company,Indonesia,Papua Barat,E-commerce,Customer Support Specialist,Your gateway to a world of products.
478,Indah Cipta,vicki99@watkins-larsen.info,535500dM,Company,Indonesia,Sumatera Utara,Travel,Cruise Ship Director,Your gateway to unforgettable travel experiences.
479,Gemilang Harmoni,ginabennett@orozco.com,159216lf,Company,Indonesia,Kepulauan Riau,Government,Government Analyst,"Your government, working for a better nation."
480,Kencana Sejahtera,janet71@allison-deleon.com,330623fd,Company,Indonesia,Kalimantan Timur,Environmental,Environmental Health and Safety Specialist,Your partner in eco-friendly solutions.
481,Jaya Harmoni,marquezlori@nelson.com,899585iM,Company,Indonesia,Banten,Marketing,Brand Strategist,Driving brand success through innovative marketing.
482,Jaya Sukses,melissahartman@cook.com,328374gR,Company,Indonesia,Papua Barat,Pharmaceuticals,Pharmacy Technician,Advancing healthcare with groundbreaking pharmaceuticals.
483,Jaya Cipta,joy81@alvarez.biz,275278YW,Company,Indonesia,Jawa Timur,Energy,Environmental Compliance Specialist,Leaders in energy efficiency and reliability.
484,Jaya Sukses,syates@davila-bowman.com,015976JY,Company,Indonesia,DKI Jakarta,Manufacturing,Entertainment Journalist,Crafting quality products for a better future.
485,Mitra Utama,richard00@cox-peterson.com,458430Hs,Company,Indonesia,Sulawesi Tenggara,Biotechnology,Biotech Lab Technician,Leaders in biotech excellence.
486,Murni Maju,matthew63@wilson.com,486832rC,Company,Indonesia,Jawa Barat,Construction,Civil Engineering Technician,Your partner in construction excellence and innovation.
487,Nusantara Bersama,brian07@hancock.com,383202yf,Company,Indonesia,Sulawesi Tengah,Marketing,Brand Strategist,Driving brand success through innovative marketing.
488,Karya Terang,gardnerdonald@hopkins.org,027725Is,Company,Indonesia,DKI Jakarta,Insurance,Actuarial Analyst,Peace of mind through reliable insurance coverage.
489,Maju Harmoni,michael28@klein-baker.com,119914hB,Company,Indonesia,Sumatera Utara,Energy,Environmental Compliance Specialist,Innovative solutions for a cleaner environment.
490,Jaya Bakti,brenda87@irwin-johnson.com,346724zz,Company,Indonesia,Kalimantan Timur,Agriculture,Agricultural Scientist,Empowering farmers with modern techniques.
491,Sejahtera Maju,fschultz@martinez.com,960365MA,Company,Indonesia,DKI Jakarta,Fashion,Patternmaker,Setting trends in Indonesian fashion.
492,Bersatu Harmoni,michaelclark@alvarado-gibson.com,494118wg,Company,Indonesia,Jawa Barat,E-commerce,Customer Support Specialist,Connecting buyers and sellers in a digital marketplace.
493,Mutiara Makmur,swest@freeman.com,550063Kd,Company,Indonesia,Jawa Barat,Education,Principal,Shaping future generations through education.
494,Sinar Abadi,travisreeves@santana.com,033285Uu,Company,Indonesia,Kepulauan Riau,Automotive,Automotive Quality Engineer,Innovation in motion with cutting-edge automotive solutions.
495,Sejahtera Maju,aliciaalexander@turner-quinn.biz,468058bK,Company,Indonesia,Kalimantan Timur,Consulting,IT Security Consultant,Navigating challenges and unlocking opportunities.
496,Prima Sentosa,andersonkaren@dixon.biz,824709WV,Company,Indonesia,Jawa Timur,Biotechnology,Biotech Lab Technician,Innovative solutions in biopharmaceuticals and research.
497,Nusantara Bersama,larryrobbins@kim-mccarthy.com,086494Hi,Company,Indonesia,Sulawesi Tenggara,Non-profit,Community Organizer,Creating a better world through philanthropy.
498,Cahaya Gemilang,leblancbrent@johnson.info,376713Cy,Company,Indonesia,Sulawesi Tengah,Insurance,Actuarial Analyst,Protecting what matters most through comprehensive insurance.
499,Cahaya Gemilang,jamesanderson@hess.info,241929TZ,Company,Indonesia,Sulawesi Tenggara,Hospitality,Travel Agent,Your home away from home.
500,Mandiri Makmur,rogerseric@ortiz.com,411269FC,Company,Indonesia,Sulawesi Tenggara,Finance,Personal Financial Advisor,Driving economic growth through financial solutions.
