ID_company;name;email;country;provinces;industry;position_available;description
1;Mitra Utama;brianyoung@lucas-webb.info;Indonesia;Jawa Timur;Fashion;Patternmaker;Setting trends in Indonesian fashion.
2;Citra Harmoni;icruz@gonzalez.com;Indonesia;Sulawesi Tengah;Travel;Cruise Ship Director;Your gateway to unforgettable travel experiences.
3;Mulia Harmoni;phillipsmartin@white.org;Indonesia;Banten;E-commerce;Customer Support Specialist;Your gateway to a world of products.
4;Jaya Harmoni;henryjocelyn@wu.com;Indonesia;DKI Jakarta;Education;Principal;Innovative and inclusive learning environments.
5;Nusantara Cipta;nicholemays@evans.info;Indonesia;Kepulauan Riau;Information Technology;IT Consultant;Leaders in IT excellence.
6;Mitra Utama;kimberlythomas@ortiz-carpenter.info;Indonesia;Jawa Timur;Food and Beverage;Food Quality Assurance Specialist;Your source for quality food and beverage experiences.
7;Harmoni Bersama;nicholas60@holmes-schultz.info;Indonesia;Sulawesi Tengah;Logistics;Warehouse Supervisor;Efficient and reliable logistics solutions.
8;Citra Sejahtera;emiller@adams-smith.com;Indonesia;Jawa Timur;Logistics;Warehouse Supervisor;Your logistics partner for success.
9;Bersatu Makmur;katherineparker@collins.net;Indonesia;DKI Jakarta;Logistics;Warehouse Supervisor;Your logistics partner for success.
10;Harapan Baru;joshua39@scott.info;Indonesia;Banten;Finance;Personal Financial Advisor;Your trusted partner in financial services.
11;Nusantara Cipta;stephanie24@walker.com;Indonesia;Sumatera Utara;Real Estate;Real Estate Attorney;Your partner in real estate excellence.
12;Mutiara Sejahtera;john50@flowers-hicks.info;Indonesia;Kepulauan Riau;Information Technology;IT Consultant;Leaders in IT excellence.
13;Mutiara Sejahtera;johnmatthews@spears-reed.info;Indonesia;Kepulauan Riau;Food and Beverage;Food Quality Assurance Specialist;Your source for quality food and beverage experiences.
14;Sinar Abadi;mary05@kelly.info;Indonesia;Jawa Barat;Environmental;Environmental Health and Safety Specialist;Creating a greener and cleaner world.
15;Jaya Cipta;rmiles@vazquez.biz;Indonesia;Jawa Timur;Telecommunications;Telecommunications Engineer;Connecting Indonesia through advanced telecommunications.
16;Prima Sentosa;andersonmartin@jenkins.biz;Indonesia;Sulawesi Tengah;Manufacturing;Entertainment Journalist;Driving Indonesia's manufacturing sector.
17;Gemah Bina;anthonyhopkins@everett.com;Indonesia;Jawa Barat;Logistics;Warehouse Supervisor;Connecting businesses through seamless supply chain management.
18;Sukses Sejahtera;kaitlyn92@rogers.com;Indonesia;Kepulauan Riau;Construction;Civil Engineering Technician;Building the future through quality construction.
19;Sejahtera Indah;johnsonlauren@osborne.org;Indonesia;Kepulauan Riau;Telecommunications;Telecommunications Engineer;Providing seamless connectivity.
20;Jaya Cipta;fmartinez@jones.com;Indonesia;Jawa Barat;Telecommunications;Telecommunications Engineer;Connecting Indonesia through advanced telecommunications.
21;Bakti Sejahtera;jshannon@weeks.com;Indonesia;Jawa Timur;Agriculture;Agricultural Scientist;Sustainable agriculture practices for a greener Indonesia.
22;Citra Harmoni;ayoung@norman.com;Indonesia;Sulawesi Tengah;Food and Beverage;Food Quality Assurance Specialist;Your source for quality food and beverage experiences.
23;Nusantara Cipta;justin40@gutierrez-fox.com;Indonesia;Jawa Timur;Food and Beverage;Food Quality Assurance Specialist;Your source for quality food and beverage experiences.
24;Cemerlang Indah;dsanchez@thompson.com;Indonesia;Jawa Barat;Fashion;Patternmaker;Your destination for stylish and sustainable clothing.
25;Sinar Abadi;vrogers@cook.com;Indonesia;Jawa Timur;Energy;Environmental Compliance Specialist;Powering Indonesia's future with sustainable energy.
26;Prima Makmur;leonjohn@alvarez-mitchell.biz;Indonesia;Banten;Agriculture;Agricultural Scientist;Sustainable agriculture practices for a greener Indonesia.
27;Jaya Harmoni;cassandra93@moran.com;Indonesia;Kepulauan Riau;Real Estate;Real Estate Attorney;Building communities and transforming spaces.
28;Harum Gemilang;jeffrey72@newman.org;Indonesia;Banten;Finance;Personal Financial Advisor;Driving economic growth through financial solutions.
29;Karya Terang;deborahdeleon@richardson.com;Indonesia;Jawa Barat;Environmental;Environmental Health and Safety Specialist;Creating a greener and cleaner world.
30;Bina Karya;sparker@cooper.com;Indonesia;Sumatera Utara;Construction;Civil Engineering Technician;Building the future through quality construction.
31;Bina Karya;zolsen@torres.net;Indonesia;Jawa Timur;Marketing;Brand Strategist;Your partner in strategic and effective marketing campaigns.
32;Terang Bakti;dianastone@lopez-anderson.net;Indonesia;Papua Barat;Fashion;Patternmaker;Setting trends in Indonesian fashion.
33;Bina Karya;mooreelizabeth@brown-washington.com;Indonesia;Sulawesi Tenggara;Legal;Criminal Defense Attorney;Navigating legal complexities with expertise and integrity.
34;Budi Jaya;igarrett@ross-delgado.com;Indonesia;DKI Jakarta;Education;Principal;Shaping future generations through education.
35;Prima Makmur;baldwincatherine@meza.com;Indonesia;Sumatera Utara;Construction;Civil Engineering Technician;Building the future through quality construction.
36;Harum Gemilang;erinsmith@hernandez.com;Indonesia;Jawa Barat;Construction;Civil Engineering Technician;Creating structures that stand the test of time.
37;Harapan Baru;susanharding@brennan.com;Indonesia;Banten;Energy;Environmental Compliance Specialist;Leaders in energy efficiency and reliability.
38;Bina Karya;kathryn83@pitts-mccarthy.com;Indonesia;Sumatera Utara;Information Technology;IT Consultant;Innovating with cutting-edge technology.
39;Harmoni Sukses;mirandabennett@henderson.biz;Indonesia;Papua Barat;Media and Entertainment;Media Planner;Bringing stories to life through media excellence.
40;Makmur Jaya Tamasya;barrypaul@hernandez-coleman.com;Indonesia;Kalimantan Timur;Hospitality;Travel Agent;Exceptional service and luxurious accommodations.
41;Gemah Bina;margaretweaver@bryant-rodriguez.com;Indonesia;Banten;Agriculture;Agricultural Scientist;Empowering farmers with modern techniques.
42;Sejahtera Indah;iwells@parks.info;Indonesia;Sulawesi Tengah;Finance;Personal Financial Advisor;Your trusted partner in financial services.
43;Maju Bersama;jamieestrada@mccarty-johnson.net;Indonesia;DKI Jakarta;Legal;Criminal Defense Attorney;Protecting your interests through top-notch legal services.
44;Cahaya Gemilang;herrerabrandon@evans-jefferson.info;Indonesia;Sulawesi Tengah;Legal;Criminal Defense Attorney;Your trusted legal partner.
45;Gemilang Sukses;bortiz@frank.net;Indonesia;Sumatera Utara;Telecommunications;Telecommunications Engineer;Providing seamless connectivity.
46;Cemerlang Indah;fhernandez@johnson.com;Indonesia;Kepulauan Riau;Energy;Environmental Compliance Specialist;Leaders in energy efficiency and reliability.
47;Budi Jaya;umcclure@perez.com;Indonesia;Jawa Barat;Retail;Visual Merchandiser;Elevating the retail experience for customers.
48;Berkah Maju;lisadeleon@gonzalez-rogers.biz;Indonesia;Jawa Barat;Telecommunications;Telecommunications Engineer;Pioneering communication networks.
49;Indah Cipta;smithgregory@johns-whitaker.org;Indonesia;Jawa Timur;Healthcare;Medical Doctor;Committed to providing quality healthcare services.
50;Terang Bakti;michael63@chandler.com;Indonesia;Banten;Energy;Environmental Compliance Specialist;Innovative solutions for a cleaner environment.
51;Gemah Ripah;patriciayoung@perez.biz;Indonesia;Banten;Logistics;Warehouse Supervisor;Connecting businesses through seamless supply chain management.
52;Makmur Jaya Tamasya;adam67@warner.org;Indonesia;DKI Jakarta;Media and Entertainment;Media Planner;Your source for quality entertainment.
53;Bina Karya;audrey48@arroyo-mason.com;Indonesia;Sumatera Utara;Construction;Civil Engineering Technician;Building the future through quality construction.
54;Indah Cipta;nathanferguson@adkins.com;Indonesia;Papua Barat;Telecommunications;Telecommunications Engineer;Pioneering communication networks.
55;Sejahtera Indah;brownpamela@bates.com;Indonesia;Jawa Timur;Retail;Visual Merchandiser;Delivering quality products and exceptional service.
56;Makmur Jaya Tamasya;frichardson@riley-mitchell.com;Indonesia;Sulawesi Tenggara;Insurance;Actuarial Analyst;Your trusted partner in risk management.
57;Harmoni Sukses;ihill@skinner-mcmahon.net;Indonesia;Sulawesi Tengah;E-commerce;Customer Support Specialist;Your gateway to a world of products.
58;Jaya Sukses;michaelsmith@brown.net;Indonesia;Sulawesi Tenggara;Food and Beverage;Food Quality Assurance Specialist;Delicious flavors and culinary innovation.
59;Bersama Harmoni;reynoldslogan@elliott.com;Indonesia;Jawa Barat;Non-profit;Community Organizer;Making a positive impact through social responsibility.
60;Harum Gemilang;john98@james-weiss.com;Indonesia;DKI Jakarta;Finance;Personal Financial Advisor;Your trusted partner in financial services.
61;Maju Bersama;ewilson@chan.org;Indonesia;Banten;Pharmaceuticals;Pharmacy Technician;A commitment to health and well-being.
62;Gemilang Sukses;wigginsdonna@owen.com;Indonesia;Kalimantan Timur;Pharmaceuticals;Pharmacy Technician;Leaders in pharmaceutical innovation.
63;Jaya Murni;samuel96@shaffer-rojas.com;Indonesia;Sulawesi Tengah;Real Estate;Real Estate Attorney;Your partner in real estate excellence.
64;Maju Bersama;tyler10@thomas.com;Indonesia;Sulawesi Tengah;Legal;Criminal Defense Attorney;Protecting your interests through top-notch legal services.
65;Karya Terang;andersonshaun@osborn-stewart.biz;Indonesia;Kepulauan Riau;Fashion;Patternmaker;Your destination for stylish and sustainable clothing.
66;Indah Cipta;anthonyherman@hanson.com;Indonesia;Sulawesi Tenggara;Pharmaceuticals;Pharmacy Technician;A commitment to health and well-being.
67;Mandiri Makmur;joshua80@williams.com;Indonesia;Sumatera Utara;Construction;Civil Engineering Technician;Building the future through quality construction.
68;Prima Sentosa;morganmichael@peters.net;Indonesia;Papua Barat;Sports;Athletic Trainer;Your source for sports innovation and inspiration.
69;Kencana Sejahtera;paul07@duncan.biz;Indonesia;Sumatera Utara;Legal;Criminal Defense Attorney;Navigating legal complexities with expertise and integrity.
70;Terang Jaya;pfoster@hurst.com;Indonesia;Jawa Barat;Agriculture;Agricultural Scientist;Sustainable agriculture practices for a greener Indonesia.
71;Mutiara Makmur;janiceperkins@krause-lee.com;Indonesia;Sumatera Utara;Agriculture;Agricultural Scientist;Boosting agricultural productivity and quality.
72;Mulia Harmoni;kimberly05@johnson.com;Indonesia;Kepulauan Riau;Fashion;Patternmaker;Your destination for stylish and sustainable clothing.
73;Mulia Harmoni;wilcoxbrandon@lane.biz;Indonesia;Sumatera Utara;Legal;Criminal Defense Attorney;Navigating legal complexities with expertise and integrity.
74;Jaya Harmoni;xluna@garcia.com;Indonesia;Banten;Information Technology;IT Consultant;Revolutionizing IT solutions in Indonesia.
75;Surya Kencana;alvarezadrian@medina.com;Indonesia;Jawa Timur;Biotechnology;Biotech Lab Technician;Leaders in biotech excellence.
76;Jaya Sukses;middletontracy@peterson.com;Indonesia;Sulawesi Tenggara;Food and Beverage;Food Quality Assurance Specialist;Savor the taste of excellence with our culinary offerings.
77;Nusantara Cipta;ibailey@davis.com;Indonesia;DKI Jakarta;Telecommunications;Telecommunications Engineer;Providing seamless connectivity.
78;Sejahtera Indah;smithjoseph@davila-snyder.com;Indonesia;Sulawesi Tenggara;Marketing;Brand Strategist;Elevating brands through creative marketing solutions.
79;Maju Harmoni;christy34@thompson-mueller.com;Indonesia;Kalimantan Timur;Logistics;Warehouse Supervisor;Efficient and reliable logistics solutions.
80;Harum Gemilang;bonnie05@lewis.com;Indonesia;Sulawesi Tengah;Food and Beverage;Food Quality Assurance Specialist;Delicious flavors and culinary innovation.
81;Gemah Ripah;blackyvonne@porter.net;Indonesia;Jawa Timur;Agriculture;Agricultural Scientist;Boosting agricultural productivity and quality.
82;Harapan Baru;isalazar@garcia.com;Indonesia;DKI Jakarta;Logistics;Warehouse Supervisor;Connecting businesses through seamless supply chain management.
83;Harmoni Sukses;robin39@johnson.com;Indonesia;Sulawesi Tengah;Education;Principal;Innovative and inclusive learning environments.
84;Nusantara Cipta;mooreangela@poole.net;Indonesia;DKI Jakarta;Telecommunications;Telecommunications Engineer;Pioneering communication networks.
85;Maju Bersama;holmesjames@wilson.net;Indonesia;Sulawesi Tengah;Education;Principal;Empowering minds through quality education.
86;Mutiara Makmur;michael13@elliott.info;Indonesia;Sulawesi Tenggara;Finance;Personal Financial Advisor;Your trusted partner in financial services.
87;Jaya Murni;micheal84@simmons.com;Indonesia;Papua Barat;Education;Principal;Shaping future generations through education.
88;Bersatu Harmoni;scott43@pierce.com;Indonesia;Kepulauan Riau;Hospitality;Travel Agent;Exceptional service and luxurious accommodations.
89;Gemah Bina;jbarajas@hardy.com;Indonesia;DKI Jakarta;Environmental;Environmental Health and Safety Specialist;Champions of environmental sustainability.
90;Gemilang Sukses;jameswallace@jenkins.com;Indonesia;Kalimantan Timur;Biotechnology;Biotech Lab Technician;Advancing biotechnology for a healthier world.
91;Prima Sentosa;oliviabean@smith.com;Indonesia;Sulawesi Tengah;Real Estate;Real Estate Attorney;Your partner in real estate excellence.
92;Harapan Baru;uprice@gomez.com;Indonesia;Papua Barat;Transportation;Transportation Planner;Leaders in safe and convenient travel.
93;Citra Sejahtera;markrice@cross.com;Indonesia;Kalimantan Timur;Education;Principal;Innovative and inclusive learning environments.
94;Citra Harmoni;coneill@brown.com;Indonesia;Jawa Barat;E-commerce;Customer Support Specialist;Your gateway to a world of products.
95;Jaya Cipta;matthew81@reed-marks.com;Indonesia;Banten;Government;Government Analyst;Building a prosperous and inclusive society through effective governance.
96;Citra Harmoni;michael56@galvan.com;Indonesia;Sumatera Utara;Construction;Civil Engineering Technician;Creating structures that stand the test of time.
97;Nusantara Cipta;swagner@jones.biz;Indonesia;DKI Jakarta;Environmental;Environmental Health and Safety Specialist;Creating a greener and cleaner world.
98;Gemilang Sukses;jesseboyer@doyle.com;Indonesia;Sulawesi Tengah;Hospitality;Travel Agent;Creating memorable experiences in hospitality.
99;Jaya Sukses;colin42@cunningham.com;Indonesia;Kepulauan Riau;Information Technology;IT Consultant;Innovating with cutting-edge technology.
100;Berkah Maju;chungdonna@mitchell.com;Indonesia;Jawa Timur;Legal;Criminal Defense Attorney;Protecting your interests through top-notch legal services.
101;Jaya Cipta;pateltimothy@lopez.biz;Indonesia;Kalimantan Timur;Fashion;Patternmaker;Your destination for stylish and sustainable clothing.
102;Jaya Bakti;andreagonzales@hebert.com;Indonesia;Sulawesi Tenggara;Construction;Civil Engineering Technician;Building the future through quality construction.
103;Surya Kencana;friedmanrobert@blevins-mccoy.com;Indonesia;Jawa Timur;E-commerce;Customer Support Specialist;Revolutionizing online shopping experiences.
104;Harapan Baru;joshuaestrada@hernandez.biz;Indonesia;Jawa Barat;Logistics;Warehouse Supervisor;Connecting businesses through seamless supply chain management.
105;Jaya Cipta;jonathan18@foster-kidd.net;Indonesia;Jawa Timur;Legal;Criminal Defense Attorney;Navigating legal complexities with expertise and integrity.
106;Maju Harmoni;kathyruiz@jones.com;Indonesia;Jawa Barat;Hospitality;Travel Agent;Creating memorable experiences in hospitality.
107;Nusantara Cipta;gabriela36@wilson.com;Indonesia;Jawa Timur;Information Technology;IT Consultant;Leaders in IT excellence.
108;Jaya Sukses;qthornton@hill-haynes.info;Indonesia;DKI Jakarta;Manufacturing;Entertainment Journalist;Innovative solutions in manufacturing.
109;Nusantara Bersama;heather58@smith-baker.com;Indonesia;Jawa Barat;Biotechnology;Biotech Lab Technician;Innovative solutions in biopharmaceuticals and research.
110;Bina Karya;dmiller@gregory.biz;Indonesia;Jawa Barat;Finance;Personal Financial Advisor;Driving economic growth through financial solutions.
111;Sejahtera Maju;josephhubbard@estes.org;Indonesia;Sumatera Utara;Pharmaceuticals;Pharmacy Technician;Leaders in pharmaceutical innovation.
112;Sejahtera Indah;showell@jones.com;Indonesia;Banten;Non-profit;Community Organizer;Making a positive impact through social responsibility.
113;Gemilang Harmoni;hutchinsonroy@spencer-reid.com;Indonesia;Jawa Barat;Legal;Criminal Defense Attorney;Your trusted legal partner.
114;Mutiara Makmur;steven86@lopez.com;Indonesia;Kalimantan Timur;Logistics;Warehouse Supervisor;Efficient and reliable logistics solutions.
115;Harum Gemilang;jstone@garcia.net;Indonesia;Sulawesi Tenggara;Construction;Civil Engineering Technician;Building the future through quality construction.
116;Sukses Sejahtera;lori91@hernandez.com;Indonesia;Jawa Barat;Finance;Personal Financial Advisor;Your trusted partner in financial services.
117;Karya Terang;aaron32@baker.com;Indonesia;Sulawesi Tengah;Pharmaceuticals;Pharmacy Technician;Leaders in pharmaceutical innovation.
118;Berkah Maju;kcaldwell@villa.org;Indonesia;Sulawesi Tengah;E-commerce;Customer Support Specialist;Revolutionizing online shopping experiences.
119;Jaya Harmoni;baileykimberly@thompson.net;Indonesia;Banten;Automotive;Automotive Quality Engineer;Driving the future of transportation.
120;Maju Harmoni;atorres@taylor-reid.biz;Indonesia;Banten;Energy;Environmental Compliance Specialist;Powering Indonesia's future with sustainable energy.
121;Bersatu Harmoni;monicafrank@moore-randall.com;Indonesia;Banten;Retail;Visual Merchandiser;Elevating the retail experience for customers.
122;Mutiara Sejahtera;jphillips@bowers.org;Indonesia;Papua Barat;Hospitality;Travel Agent;Exceptional service and luxurious accommodations.
123;Mandiri Makmur;kim74@kent.com;Indonesia;DKI Jakarta;E-commerce;Customer Support Specialist;Connecting buyers and sellers in a digital marketplace.
124;Sukses Sejahtera;wbass@brown.info;Indonesia;Kepulauan Riau;Logistics;Warehouse Supervisor;Connecting businesses through seamless supply chain management.
125;Jaya Cipta;michael65@mitchell.info;Indonesia;Kepulauan Riau;Consulting;IT Security Consultant;Navigating challenges and unlocking opportunities.
126;Mandiri Makmur;jacksondorothy@nichols.org;Indonesia;Jawa Timur;Biotechnology;Biotech Lab Technician;Advancing biotechnology for a healthier world.
127;Jaya Bakti;erika33@moore.com;Indonesia;Jawa Barat;Real Estate;Real Estate Attorney;Building communities and transforming spaces.
128;Bina Karya;tammy19@henson.biz;Indonesia;Papua Barat;Automotive;Automotive Quality Engineer;Innovation in motion with cutting-edge automotive solutions.
129;Sejahtera Indah;sanchezbridget@bender.info;Indonesia;DKI Jakarta;Information Technology;IT Consultant;Leaders in IT excellence.
130;Nusantara Cipta;ewood@fuller.info;Indonesia;DKI Jakarta;Government;Government Analyst;Building a prosperous and inclusive society through effective governance.
131;Terang Bakti;christophercarpenter@hayes.com;Indonesia;Jawa Barat;Non-profit;Community Organizer;Creating a better world through philanthropy.
132;Mulia Harmoni;brenda37@johnson.com;Indonesia;Banten;Automotive;Automotive Quality Engineer;Crafting vehicles that redefine the driving experience.
133;Berkah Maju;ramirezdavid@flores-rivera.com;Indonesia;Jawa Barat;Fashion;Patternmaker;Your destination for stylish and sustainable clothing.
134;Bakti Sejahtera;hurstlisa@kerr-wilkerson.com;Indonesia;Banten;Fashion;Patternmaker;Setting trends in Indonesian fashion.
135;Citra Sejahtera;lopezluke@baker-smith.com;Indonesia;Jawa Timur;Logistics;Warehouse Supervisor;Your logistics partner for success.
136;Terang Bakti;aaronbrown@nelson.com;Indonesia;Sumatera Utara;Manufacturing;Entertainment Journalist;Crafting quality products for a better future.
137;Kencana Sejahtera;bjohnson@vasquez.com;Indonesia;Sulawesi Tengah;Government;Government Analyst;Serving the public with excellence and integrity.
138;Bersama Harmoni;eric20@schmitt-bray.com;Indonesia;Kepulauan Riau;Construction;Civil Engineering Technician;Creating structures that stand the test of time.
139;Prima Sentosa;cschmitt@mccarthy-adams.biz;Indonesia;Papua Barat;E-commerce;Customer Support Specialist;Revolutionizing online shopping experiences.
140;Jaya Bakti;antonio51@farmer.com;Indonesia;Banten;Travel;Cruise Ship Director;Creating memories through unparalleled travel adventures.
141;Murni Cipta;kellywilson@hines.biz;Indonesia;DKI Jakarta;Pharmaceuticals;Pharmacy Technician;A commitment to health and well-being.
142;Jaya Harmoni;richardduffy@johnson-barnett.com;Indonesia;Jawa Timur;Hospitality;Travel Agent;Your home away from home.
143;Citra Sejahtera;phampton@leonard.com;Indonesia;Jawa Timur;Transportation;Transportation Planner;Leaders in safe and convenient travel.
144;Murni Maju;kfernandez@jones-flores.org;Indonesia;Kalimantan Timur;Biotechnology;Biotech Lab Technician;Innovative solutions in biopharmaceuticals and research.
145;Indah Cipta;garciakelly@smith-white.com;Indonesia;Jawa Timur;Energy;Environmental Compliance Specialist;Powering Indonesia's future with sustainable energy.
146;Mandiri Makmur;rogerschristopher@golden.biz;Indonesia;Kepulauan Riau;Environmental;Environmental Health and Safety Specialist;Your partner in eco-friendly solutions.
147;Sukses Sejahtera;lanceadams@villanueva.net;Indonesia;DKI Jakarta;Telecommunications;Telecommunications Engineer;Pioneering communication networks.
148;Terang Jaya;juliagarcia@shaw.com;Indonesia;Jawa Barat;Travel;Cruise Ship Director;Creating memories through unparalleled travel adventures.
149;Gemah Ripah;afreeman@dunn-smith.info;Indonesia;Banten;Travel;Cruise Ship Director;Creating memories through unparalleled travel adventures.
150;Harapan Baru;sharvey@morris.biz;Indonesia;Sulawesi Tenggara;Construction;Civil Engineering Technician;Building the future through quality construction.
151;Prima Makmur;underwoodkristina@wilkinson.info;Indonesia;Kalimantan Timur;Fashion;Patternmaker;Your destination for stylish and sustainable clothing.
152;Bakti Sejahtera;cfritz@pierce.biz;Indonesia;Kalimantan Timur;Environmental;Environmental Health and Safety Specialist;Creating a greener and cleaner world.
153;Gemah Bina;julie54@wilkins.com;Indonesia;Kalimantan Timur;Pharmaceuticals;Pharmacy Technician;A commitment to health and well-being.
154;Bersatu Harmoni;greenetimothy@ruiz-middleton.info;Indonesia;DKI Jakarta;Biotechnology;Biotech Lab Technician;Advancing biotechnology for a healthier world.
155;Bina Karya;tracy95@walsh-molina.com;Indonesia;Banten;Information Technology;IT Consultant;Leaders in IT excellence.
156;Cemerlang Indah;shannon14@brown.com;Indonesia;Banten;Agriculture;Agricultural Scientist;Sustainable agriculture practices for a greener Indonesia.
157;Karya Terang;piercethomas@johnson.com;Indonesia;Sulawesi Tenggara;Manufacturing;Entertainment Journalist;Driving Indonesia's manufacturing sector.
158;Harmoni Sukses;moorelisa@becker-munoz.com;Indonesia;Jawa Barat;Construction;Civil Engineering Technician;Creating structures that stand the test of time.
159;Prima Makmur;jmoreno@barnett.com;Indonesia;Sulawesi Tenggara;Finance;Personal Financial Advisor;Driving economic growth through financial solutions.
160;Harmoni Bersama;kaufmankevin@goodman-ferrell.com;Indonesia;Sulawesi Tengah;Logistics;Warehouse Supervisor;Your logistics partner for success.
161;Nusantara Cipta;barbarajimenez@ward.com;Indonesia;Jawa Barat;Transportation;Transportation Planner;Leaders in safe and convenient travel.
162;Indah Cipta;fitzpatricknicholas@jacobs.org;Indonesia;Kalimantan Timur;Finance;Personal Financial Advisor;Driving economic growth through financial solutions.
163;Cahaya Gemilang;wilsonjustin@aguirre.com;Indonesia;Kepulauan Riau;Biotechnology;Biotech Lab Technician;Innovative solutions in biopharmaceuticals and research.
164;Sentosa Makmur;burkealicia@flores.com;Indonesia;Jawa Barat;Consulting;IT Security Consultant;Your trusted advisor in business.
165;Jaya Murni;adamperry@gilbert-ball.biz;Indonesia;Jawa Timur;Legal;Criminal Defense Attorney;Protecting your interests through top-notch legal services.
166;Harmoni Sukses;ynunez@patterson.com;Indonesia;Papua Barat;Travel;Cruise Ship Director;Creating memories through unparalleled travel adventures.
167;Sentosa Makmur;rlyons@aguilar-pope.info;Indonesia;Sulawesi Tenggara;Information Technology;IT Consultant;Revolutionizing IT solutions in Indonesia.
168;Terang Bakti;sarah87@davis-davila.org;Indonesia;DKI Jakarta;Manufacturing;Entertainment Journalist;Innovative solutions in manufacturing.
169;Mandiri Makmur;dawn89@alvarez.com;Indonesia;Banten;Construction;Civil Engineering Technician;Your partner in construction excellence and innovation.
170;Mutiara Sejahtera;jamesmclean@payne.com;Indonesia;Kepulauan Riau;Marketing;Brand Strategist;Your partner in strategic and effective marketing campaigns.
171;Murni Maju;angela25@wong.com;Indonesia;Jawa Barat;Insurance;Actuarial Analyst;Your trusted partner in risk management.
172;Cemerlang Indah;nicolesaunders@decker-turner.com;Indonesia;Sulawesi Tengah;Marketing;Brand Strategist;Elevating brands through creative marketing solutions.
173;Indah Cipta;melanie46@lopez.info;Indonesia;Kalimantan Timur;Non-profit;Community Organizer;Creating a better world through philanthropy.
174;Jaya Harmoni;rodneygood@roberts.com;Indonesia;Kepulauan Riau;Construction;Civil Engineering Technician;Building the future through quality construction.
175;Mutiara Sejahtera;angela40@jones.net;Indonesia;Kepulauan Riau;Travel;Cruise Ship Director;Your gateway to unforgettable travel experiences.
176;Citra Sejahtera;samantha14@hardy.com;Indonesia;Sulawesi Tenggara;Hospitality;Travel Agent;Your home away from home.
177;Jaya Bakti;gbanks@kim.info;Indonesia;DKI Jakarta;E-commerce;Customer Support Specialist;Connecting buyers and sellers in a digital marketplace.
178;Sentosa Makmur;johnhendricks@whitaker-martinez.com;Indonesia;Kepulauan Riau;Media and Entertainment;Media Planner;Your source for quality entertainment.
179;Surya Kencana;cwalker@lynch.com;Indonesia;Kepulauan Riau;Education;Principal;Shaping future generations through education.
180;Bina Karya;timothy51@hall.com;Indonesia;Sulawesi Tengah;Energy;Environmental Compliance Specialist;Leaders in energy efficiency and reliability.
181;Nusantara Bersama;thompsonjerry@howell.info;Indonesia;Sumatera Utara;Agriculture;Agricultural Scientist;Empowering farmers with modern techniques.
182;Mutiara Makmur;cmercer@brown.com;Indonesia;Sulawesi Tengah;Travel;Cruise Ship Director;Creating memories through unparalleled travel adventures.
183;Maju Harmoni;piercejames@mcintyre.net;Indonesia;Sulawesi Tenggara;Information Technology;IT Consultant;Revolutionizing IT solutions in Indonesia.
184;Bakti Sejahtera;ywhite@fletcher.com;Indonesia;Banten;Logistics;Warehouse Supervisor;Efficient and reliable logistics solutions.
185;Prima Makmur;brent05@joyce.com;Indonesia;Banten;Insurance;Actuarial Analyst;Your trusted partner in risk management.
186;Cahaya Gemilang;nelsondawn@rush-nunez.com;Indonesia;Banten;Pharmaceuticals;Pharmacy Technician;Advancing healthcare with groundbreaking pharmaceuticals.
187;Harmoni Sukses;trujillovictor@robinson-vincent.org;Indonesia;Kepulauan Riau;Transportation;Transportation Planner;Driving Indonesia forward through reliable transportation.
188;Sejahtera Indah;seanvelazquez@jones-taylor.net;Indonesia;Sumatera Utara;Consulting;IT Security Consultant;Your trusted advisor in business.
189;Mulia Harmoni;omathis@goodman.com;Indonesia;Banten;Agriculture;Agricultural Scientist;Boosting agricultural productivity and quality.
190;Mitra Utama;wileydaniel@shah.com;Indonesia;Banten;Environmental;Environmental Health and Safety Specialist;Creating a greener and cleaner world.
191;Bersama Harmoni;arthur04@taylor.com;Indonesia;Jawa Timur;Finance;Personal Financial Advisor;Driving economic growth through financial solutions.
192;Terang Jaya;rosaleskimberly@chambers.com;Indonesia;Sulawesi Tenggara;Telecommunications;Telecommunications Engineer;Pioneering communication networks.
193;Bakti Sejahtera;daniel77@anthony.com;Indonesia;DKI Jakarta;Hospitality;Travel Agent;Exceptional service and luxurious accommodations.
194;Bersama Harmoni;mitchellmoore@johnston-mcguire.com;Indonesia;Kepulauan Riau;Non-profit;Community Organizer;Creating a better world through philanthropy.
195;Harmoni Bersama;mmccoy@baxter-alvarado.biz;Indonesia;Kalimantan Timur;Marketing;Brand Strategist;Your partner in strategic and effective marketing campaigns.
196;Gemilang Harmoni;wryan@farley-green.com;Indonesia;Jawa Timur;Biotechnology;Biotech Lab Technician;Leaders in biotech excellence.
197;Bersatu Harmoni;cassandra67@holland.com;Indonesia;Jawa Barat;Biotechnology;Biotech Lab Technician;Advancing biotechnology for a healthier world.
198;Nusantara Cipta;sallen@tapia.net;Indonesia;Jawa Timur;Sports;Athletic Trainer;Promoting active lifestyles and sportsmanship.
199;Prima Sentosa;zhardin@tran.com;Indonesia;Jawa Barat;Agriculture;Agricultural Scientist;Sustainable agriculture practices for a greener Indonesia.
200;Makmur Jaya Tamasya;lhutchinson@king.info;Indonesia;Jawa Barat;Construction;Civil Engineering Technician;Your partner in construction excellence and innovation.
201;Citra Sejahtera;oprice@smith-scott.com;Indonesia;Kalimantan Timur;Education;Principal;Innovative and inclusive learning environments.
202;Murni Maju;brandon42@montes.com;Indonesia;Sulawesi Tengah;Automotive;Automotive Quality Engineer;Crafting vehicles that redefine the driving experience.
203;Sejahtera Indah;willie75@cole.com;Indonesia;Sulawesi Tengah;Energy;Environmental Compliance Specialist;Powering Indonesia's future with sustainable energy.
204;Sejahtera Maju;petersonkimberly@gardner-rogers.org;Indonesia;Sumatera Utara;Agriculture;Agricultural Scientist;Empowering farmers with modern techniques.
205;Bersatu Harmoni;natalie11@martin.biz;Indonesia;Kalimantan Timur;Hospitality;Travel Agent;Exceptional service and luxurious accommodations.
206;Cahaya Gemilang;berrymichelle@jackson.info;Indonesia;Kalimantan Timur;Environmental;Environmental Health and Safety Specialist;Your partner in eco-friendly solutions.
207;Prima Sentosa;michaelsherman@kennedy.info;Indonesia;DKI Jakarta;Legal;Criminal Defense Attorney;Protecting your interests through top-notch legal services.
208;Cemerlang Indah;stephaniehamilton@garcia.com;Indonesia;Sulawesi Tenggara;Telecommunications;Telecommunications Engineer;Providing seamless connectivity.
209;Bakti Sejahtera;jason57@chan.com;Indonesia;Sulawesi Tenggara;Automotive;Automotive Quality Engineer;Innovation in motion with cutting-edge automotive solutions.
210;Harum Gemilang;cindy99@marshall.com;Indonesia;Kepulauan Riau;Retail;Visual Merchandiser;Elevating the retail experience for customers.
211;Maju Bersama;cookkevin@cuevas.com;Indonesia;Jawa Barat;Consulting;IT Security Consultant;Your trusted advisor in business.
212;Sukses Sejahtera;katie70@day-smith.biz;Indonesia;Jawa Timur;Environmental;Environmental Health and Safety Specialist;Creating a greener and cleaner world.
213;Nusantara Cipta;nelsondonald@cortez.com;Indonesia;Sulawesi Tenggara;Legal;Criminal Defense Attorney;Your trusted legal partner.
214;Bersama Harmoni;lewisdebbie@rogers.com;Indonesia;Sulawesi Tenggara;Agriculture;Agricultural Scientist;Sustainable agriculture practices for a greener Indonesia.
215;Jaya Cipta;james83@molina.info;Indonesia;Kalimantan Timur;Manufacturing;Entertainment Journalist;Innovative solutions in manufacturing.
216;Budi Jaya;banksalice@anderson-patton.biz;Indonesia;Jawa Timur;Transportation;Transportation Planner;Leaders in safe and convenient travel.
217;Gemilang Sukses;ocarter@patton-salinas.info;Indonesia;Sulawesi Tenggara;Fashion;Patternmaker;Your destination for stylish and sustainable clothing.
218;Maju Harmoni;shane97@martin.com;Indonesia;Kepulauan Riau;Travel;Cruise Ship Director;Your gateway to unforgettable travel experiences.
219;Terang Bakti;penajames@compton.com;Indonesia;Sulawesi Tengah;Consulting;IT Security Consultant;Your trusted advisor in business.
220;Citra Sejahtera;hesscarol@miller.info;Indonesia;Papua Barat;Transportation;Transportation Planner;Connecting cities with efficient transportation solutions.
221;Murni Maju;kroth@kerr.com;Indonesia;Jawa Timur;Agriculture;Agricultural Scientist;Boosting agricultural productivity and quality.
222;Maju Harmoni;swilliams@campbell.com;Indonesia;Sumatera Utara;Hospitality;Travel Agent;Your home away from home.
223;Murni Cipta;kimberlysmith@collins.org;Indonesia;Papua Barat;Pharmaceuticals;Pharmacy Technician;A commitment to health and well-being.
224;Karya Terang;phamtyler@roach.biz;Indonesia;Kalimantan Timur;E-commerce;Customer Support Specialist;Connecting buyers and sellers in a digital marketplace.
225;Mutiara Makmur;haley29@ballard.com;Indonesia;Banten;Retail;Visual Merchandiser;Elevating the retail experience for customers.
226;Jaya Bakti;angela07@white-buchanan.net;Indonesia;Papua Barat;Healthcare;Medical Doctor;Your health, our priority.
227;Gemilang Sukses;joshua09@jordan-estrada.com;Indonesia;Kepulauan Riau;Environmental;Environmental Health and Safety Specialist;Champions of environmental sustainability.
228;Makmur Jaya Tamasya;rballard@klein.biz;Indonesia;Kepulauan Riau;Education;Principal;Empowering minds through quality education.
229;Gemah Bina;bailey49@hamilton-miller.com;Indonesia;Jawa Barat;Retail;Visual Merchandiser;Delivering quality products and exceptional service.
230;Makmur Jaya Tamasya;zfletcher@richards-king.com;Indonesia;Sulawesi Tengah;Government;Government Analyst;Your government, working for a better nation.
231;Cemerlang Indah;harrisdiane@preston.com;Indonesia;Jawa Barat;Sports;Athletic Trainer;Your source for sports innovation and inspiration.
232;Mutiara Sejahtera;fhinton@cunningham.com;Indonesia;Kalimantan Timur;E-commerce;Customer Support Specialist;Your gateway to a world of products.
233;Berkah Maju;ydavis@craig.net;Indonesia;Jawa Barat;Energy;Environmental Compliance Specialist;Innovative solutions for a cleaner environment.
234;Harum Gemilang;jaime52@james.biz;Indonesia;Jawa Timur;Energy;Environmental Compliance Specialist;Powering Indonesia's future with sustainable energy.
235;Kencana Sejahtera;yjohnson@kim-anderson.net;Indonesia;Kepulauan Riau;Construction;Civil Engineering Technician;Creating structures that stand the test of time.
236;Jaya Sukses;ebrown@nelson-thomas.com;Indonesia;Jawa Timur;Construction;Civil Engineering Technician;Building the future through quality construction.
237;Terang Bakti;jfoster@young.org;Indonesia;Sulawesi Tenggara;Manufacturing;Entertainment Journalist;Crafting quality products for a better future.
238;Jaya Harmoni;fmcconnell@green.info;Indonesia;Sulawesi Tengah;Fashion;Patternmaker;Express yourself with our fashion-forward collections.
239;Gemah Bina;jonathanbaker@rice.com;Indonesia;Banten;Agriculture;Agricultural Scientist;Boosting agricultural productivity and quality.
240;Jaya Sukses;robert35@torres.info;Indonesia;Banten;Consulting;IT Security Consultant;Navigating challenges and unlocking opportunities.
241;Terang Jaya;sherryvasquez@whitehead.com;Indonesia;Kepulauan Riau;Manufacturing;Entertainment Journalist;Innovative solutions in manufacturing.
242;Prima Makmur;joseph88@wyatt-hunt.biz;Indonesia;Banten;Retail;Visual Merchandiser;Elevating the retail experience for customers.
243;Harmoni Bersama;pricemichael@bridges.com;Indonesia;Jawa Barat;Environmental;Environmental Health and Safety Specialist;Creating a greener and cleaner world.
244;Harmoni Sukses;natalie11@chan.org;Indonesia;Sulawesi Tenggara;Logistics;Warehouse Supervisor;Your logistics partner for success.
245;Harmoni Bersama;mitchellnicholas@briggs.com;Indonesia;Banten;Sports;Athletic Trainer;Promoting active lifestyles and sportsmanship.
246;Gemah Bina;sweeneybrandi@jacobs.com;Indonesia;Papua Barat;Retail;Visual Merchandiser;Elevating the retail experience for customers.
247;Harum Gemilang;lsmith@riley-lee.com;Indonesia;Sulawesi Tenggara;Finance;Personal Financial Advisor;Driving economic growth through financial solutions.
248;Budi Jaya;fboyd@velazquez.net;Indonesia;Jawa Timur;Non-profit;Community Organizer;Creating a better world through philanthropy.
249;Citra Sejahtera;imoses@clark.biz;Indonesia;Sulawesi Tenggara;Construction;Civil Engineering Technician;Your partner in construction excellence and innovation.
250;Jaya Cipta;brandonsanford@brown.com;Indonesia;Kepulauan Riau;Food and Beverage;Food Quality Assurance Specialist;Savor the taste of excellence with our culinary offerings.
251;Prima Makmur;natalie37@lee.org;Indonesia;Papua Barat;Automotive;Automotive Quality Engineer;Crafting vehicles that redefine the driving experience.
252;Bersatu Harmoni;hollymiles@soto.biz;Indonesia;Papua Barat;Biotechnology;Biotech Lab Technician;Advancing biotechnology for a healthier world.
253;Maju Harmoni;kimberlyrichardson@simmons.com;Indonesia;Sumatera Utara;Sports;Athletic Trainer;Your source for sports innovation and inspiration.
254;Budi Jaya;zmiller@bolton-lin.net;Indonesia;Kepulauan Riau;Media and Entertainment;Media Planner;Bringing stories to life through media excellence.
255;Prima Sentosa;jeremy51@gomez-murphy.com;Indonesia;Sumatera Utara;E-commerce;Customer Support Specialist;Revolutionizing online shopping experiences.
256;Harmoni Bersama;james02@rodriguez-brown.com;Indonesia;Sumatera Utara;Insurance;Actuarial Analyst;Peace of mind through reliable insurance coverage.
257;Harmoni Sukses;michellemullins@murphy-coleman.net;Indonesia;Kalimantan Timur;Construction;Civil Engineering Technician;Building the future through quality construction.
258;Prima Sentosa;michellesmith@hobbs.net;Indonesia;Jawa Timur;Energy;Environmental Compliance Specialist;Powering Indonesia's future with sustainable energy.
259;Sejahtera Maju;john64@lawrence.com;Indonesia;Sulawesi Tengah;Retail;Visual Merchandiser;Delivering quality products and exceptional service.
260;Harum Gemilang;terricook@figueroa.com;Indonesia;Sulawesi Tenggara;Agriculture;Agricultural Scientist;Empowering farmers with modern techniques.
261;Prima Makmur;brownrobert@west.net;Indonesia;Sulawesi Tenggara;Legal;Criminal Defense Attorney;Your trusted legal partner.
262;Indah Cipta;aaron31@powell.com;Indonesia;Banten;Construction;Civil Engineering Technician;Creating structures that stand the test of time.
263;Maju Bersama;susan91@johnson.info;Indonesia;Kepulauan Riau;Fashion;Patternmaker;Express yourself with our fashion-forward collections.
264;Murni Cipta;npark@gordon-gregory.com;Indonesia;Jawa Timur;Finance;Personal Financial Advisor;Your trusted partner in financial services.
265;Bersama Harmoni;fcampbell@mccarthy.info;Indonesia;Kepulauan Riau;Logistics;Warehouse Supervisor;Your logistics partner for success.
266;Sejahtera Indah;willispaul@carter.biz;Indonesia;Banten;Agriculture;Agricultural Scientist;Boosting agricultural productivity and quality.
267;Bakti Sejahtera;hgonzalez@hill.com;Indonesia;Sumatera Utara;Healthcare;Medical Doctor;Your health, our priority.
268;Mulia Harmoni;kimberlywatson@garcia.info;Indonesia;Sumatera Utara;Biotechnology;Biotech Lab Technician;Innovative solutions in biopharmaceuticals and research.
269;Harapan Baru;fletcherryan@clark.com;Indonesia;Kalimantan Timur;Food and Beverage;Food Quality Assurance Specialist;Your source for quality food and beverage experiences.
270;Bersatu Makmur;ffox@price-sweeney.biz;Indonesia;Banten;Non-profit;Community Organizer;Making a positive impact through social responsibility.
271;Prima Makmur;davismorgan@brown-lucas.com;Indonesia;Banten;Finance;Personal Financial Advisor;Your trusted partner in financial services.
272;Gemah Ripah;mathewssierra@hodges.com;Indonesia;Banten;Sports;Athletic Trainer;Your source for sports innovation and inspiration.
273;Terang Jaya;amberglass@moore-rodriguez.biz;Indonesia;Sulawesi Tenggara;Biotechnology;Biotech Lab Technician;Innovative solutions in biopharmaceuticals and research.
274;Nusantara Bersama;allenlisa@bush-aguilar.biz;Indonesia;Sulawesi Tengah;Manufacturing;Entertainment Journalist;Driving Indonesia's manufacturing sector.
275;Makmur Jaya Tamasya;taylorheather@small.com;Indonesia;Jawa Timur;Healthcare;Medical Doctor;Your health, our priority.
276;Cahaya Gemilang;gallagherbrian@byrd.com;Indonesia;Jawa Barat;Travel;Cruise Ship Director;Your gateway to unforgettable travel experiences.
277;Bersama Harmoni;wernernathan@wilkinson.com;Indonesia;Kepulauan Riau;Government;Government Analyst;Serving the public with excellence and integrity.
278;Berkah Maju;hollandjasmine@smith.com;Indonesia;DKI Jakarta;Legal;Criminal Defense Attorney;Navigating legal complexities with expertise and integrity.
279;Gemilang Sukses;heatherclark@robinson.net;Indonesia;Sumatera Utara;Telecommunications;Telecommunications Engineer;Pioneering communication networks.
280;Bina Karya;jennifer68@berry.com;Indonesia;Jawa Barat;Marketing;Brand Strategist;Driving brand success through innovative marketing.
281;Prima Sentosa;cherrydylan@barron.com;Indonesia;Sumatera Utara;Biotechnology;Biotech Lab Technician;Innovative solutions in biopharmaceuticals and research.
282;Prima Sentosa;fernandoweber@pearson.com;Indonesia;Banten;Manufacturing;Entertainment Journalist;Driving Indonesia's manufacturing sector.
283;Mutiara Sejahtera;csanchez@williams-patel.com;Indonesia;Sulawesi Tenggara;Fashion;Patternmaker;Your destination for stylish and sustainable clothing.
284;Gemilang Harmoni;thomasaaron@wilson.com;Indonesia;Kepulauan Riau;Information Technology;IT Consultant;Innovating with cutting-edge technology.
285;Citra Sejahtera;donnavasquez@alexander-chang.org;Indonesia;Jawa Timur;Food and Beverage;Food Quality Assurance Specialist;Savor the taste of excellence with our culinary offerings.
286;Cemerlang Sejahtera;gutierrezvirginia@soto.com;Indonesia;Jawa Barat;Fashion;Patternmaker;Setting trends in Indonesian fashion.
287;Mutiara Makmur;vpope@davis.biz;Indonesia;DKI Jakarta;Food and Beverage;Food Quality Assurance Specialist;Savor the taste of excellence with our culinary offerings.
288;Mutiara Sejahtera;jennifercunningham@miller.org;Indonesia;DKI Jakarta;Legal;Criminal Defense Attorney;Navigating legal complexities with expertise and integrity.
289;Bersama Harmoni;karen03@huynh.com;Indonesia;Papua Barat;Logistics;Warehouse Supervisor;Efficient and reliable logistics solutions.
290;Jaya Bakti;zedwards@costa.com;Indonesia;Sulawesi Tengah;Consulting;IT Security Consultant;Navigating challenges and unlocking opportunities.
291;Surya Kencana;anthonywebb@martin.com;Indonesia;Banten;Retail;Visual Merchandiser;Delivering quality products and exceptional service.
292;Harapan Baru;velasquezsharon@adams-waters.org;Indonesia;Kepulauan Riau;Food and Beverage;Food Quality Assurance Specialist;Savor the taste of excellence with our culinary offerings.
293;Bersatu Harmoni;samanthadunn@taylor-white.com;Indonesia;Sulawesi Tenggara;Construction;Civil Engineering Technician;Building the future through quality construction.
294;Kencana Sejahtera;jasminemiller@rivera.com;Indonesia;Banten;Marketing;Brand Strategist;Driving brand success through innovative marketing.
295;Bersatu Makmur;petersonsteven@parker-kerr.com;Indonesia;Jawa Timur;Finance;Personal Financial Advisor;Your trusted partner in financial services.
296;Gemilang Harmoni;anthony30@herrera.com;Indonesia;DKI Jakarta;Insurance;Actuarial Analyst;Protecting what matters most through comprehensive insurance.
297;Mandiri Makmur;megan14@hancock-gibson.info;Indonesia;DKI Jakarta;Marketing;Brand Strategist;Your partner in strategic and effective marketing campaigns.
298;Jaya Cipta;vduke@brown.net;Indonesia;Papua Barat;Transportation;Transportation Planner;Leaders in safe and convenient travel.
299;Kencana Sejahtera;roger70@conner.com;Indonesia;Kepulauan Riau;Insurance;Actuarial Analyst;Your trusted partner in risk management.
300;Gemilang Harmoni;lynchkeith@miller.com;Indonesia;Kalimantan Timur;Construction;Civil Engineering Technician;Building the future through quality construction.
301;Sukses Sejahtera;michaela72@park.org;Indonesia;Jawa Barat;Transportation;Transportation Planner;Driving Indonesia forward through reliable transportation.
302;Nusantara Cipta;vhernandez@hammond.net;Indonesia;Jawa Timur;Food and Beverage;Food Quality Assurance Specialist;Delicious flavors and culinary innovation.
303;Murni Maju;wilsonmichael@campbell.com;Indonesia;Sumatera Utara;Insurance;Actuarial Analyst;Your trusted partner in risk management.
304;Sejahtera Indah;jennifer60@velasquez.com;Indonesia;Jawa Barat;Finance;Personal Financial Advisor;Financial excellence and innovation.
305;Harapan Baru;bakermark@hull.info;Indonesia;Sulawesi Tengah;Energy;Environmental Compliance Specialist;Leaders in energy efficiency and reliability.
306;Bersatu Harmoni;ucobb@goodwin-poole.com;Indonesia;Jawa Barat;Agriculture;Agricultural Scientist;Sustainable agriculture practices for a greener Indonesia.
307;Murni Cipta;cynthia77@fitzgerald.com;Indonesia;Kepulauan Riau;Pharmaceuticals;Pharmacy Technician;Advancing healthcare with groundbreaking pharmaceuticals.
308;Cemerlang Indah;samuelharris@nguyen.net;Indonesia;Sulawesi Tenggara;Education;Principal;Innovative and inclusive learning environments.
309;Citra Sejahtera;danielle88@hatfield.com;Indonesia;Kepulauan Riau;Information Technology;IT Consultant;Revolutionizing IT solutions in Indonesia.
310;Terang Bakti;pamelaharris@burton.com;Indonesia;Jawa Timur;Food and Beverage;Food Quality Assurance Specialist;Delicious flavors and culinary innovation.
311;Terang Jaya;ekelley@martinez.com;Indonesia;Kepulauan Riau;Healthcare;Medical Doctor;Advancing medical technology for better patient outcomes.
312;Makmur Jaya Tamasya;brittanycook@gray.org;Indonesia;Papua Barat;Information Technology;IT Consultant;Leaders in IT excellence.
313;Citra Sejahtera;xjohnson@dixon.org;Indonesia;Kalimantan Timur;Fashion;Patternmaker;Express yourself with our fashion-forward collections.
314;Harmoni Sukses;sydneydodson@blevins.com;Indonesia;Kepulauan Riau;Travel;Cruise Ship Director;Exploring the world with exceptional travel services.
315;Gemilang Harmoni;espinozamargaret@little-white.com;Indonesia;Sulawesi Tengah;Finance;Personal Financial Advisor;Driving economic growth through financial solutions.
316;Gemah Ripah;bmartinez@bean.com;Indonesia;Sulawesi Tengah;Real Estate;Real Estate Attorney;Creating homes for a better future.
317;Mulia Harmoni;timothywilliams@villanueva.com;Indonesia;Papua Barat;Information Technology;IT Consultant;Revolutionizing IT solutions in Indonesia.
318;Sejahtera Maju;timothymoore@bowman.info;Indonesia;Sulawesi Tenggara;Agriculture;Agricultural Scientist;Sustainable agriculture practices for a greener Indonesia.
319;Mitra Utama;wscott@wright-gomez.com;Indonesia;Banten;Marketing;Brand Strategist;Driving brand success through innovative marketing.
320;Berkah Maju;sowens@torres-white.com;Indonesia;Sulawesi Tengah;Agriculture;Agricultural Scientist;Sustainable agriculture practices for a greener Indonesia.
321;Mutiara Sejahtera;joshua14@evans.org;Indonesia;Sumatera Utara;Pharmaceuticals;Pharmacy Technician;A commitment to health and well-being.
322;Bersama Harmoni;gregorywright@howard.com;Indonesia;Sulawesi Tengah;Healthcare;Medical Doctor;Committed to providing quality healthcare services.
323;Harapan Baru;amandahaley@ellis.biz;Indonesia;DKI Jakarta;Biotechnology;Biotech Lab Technician;Innovative solutions in biopharmaceuticals and research.
324;Karya Terang;andersonholly@johnston-brown.com;Indonesia;Sumatera Utara;Hospitality;Travel Agent;Your home away from home.
325;Kencana Sejahtera;adrianmack@booth-norris.com;Indonesia;Jawa Barat;Non-profit;Community Organizer;Your partner in charitable initiatives and community development.
326;Sentosa Makmur;josephbuck@johnson.com;Indonesia;Jawa Timur;Food and Beverage;Food Quality Assurance Specialist;Your source for quality food and beverage experiences.
327;Kencana Sejahtera;ruizkatherine@phillips-harris.com;Indonesia;DKI Jakarta;Consulting;IT Security Consultant;Navigating challenges and unlocking opportunities.
328;Gemah Bina;ltaylor@shields.com;Indonesia;Banten;Pharmaceuticals;Pharmacy Technician;Advancing healthcare with groundbreaking pharmaceuticals.
329;Harum Gemilang;joshuawilliams@bailey-sanders.biz;Indonesia;Jawa Timur;E-commerce;Customer Support Specialist;Your gateway to a world of products.
330;Maju Bersama;jonathan46@daniel-goodwin.net;Indonesia;Sulawesi Tengah;Education;Principal;Innovative and inclusive learning environments.
331;Jaya Harmoni;quinnthomas@hubbard-taylor.com;Indonesia;Papua Barat;Environmental;Environmental Health and Safety Specialist;Champions of environmental sustainability.
332;Citra Sejahtera;oscarkim@pham-kaufman.com;Indonesia;Sulawesi Tenggara;Finance;Personal Financial Advisor;Driving economic growth through financial solutions.
333;Citra Harmoni;joshuabowers@brown.com;Indonesia;Kalimantan Timur;Government;Government Analyst;Building a prosperous and inclusive society through effective governance.
334;Kencana Sejahtera;craig89@crane.com;Indonesia;Kalimantan Timur;Government;Government Analyst;Your government, working for a better nation.
335;Surya Kencana;michael95@romero.biz;Indonesia;Kepulauan Riau;Fashion;Patternmaker;Your destination for stylish and sustainable clothing.
336;Jaya Harmoni;cmitchell@johnson.org;Indonesia;DKI Jakarta;Automotive;Automotive Quality Engineer;Innovation in motion with cutting-edge automotive solutions.
337;Gemilang Harmoni;jessica06@summers-smith.com;Indonesia;Sulawesi Tenggara;Information Technology;IT Consultant;Revolutionizing IT solutions in Indonesia.
338;Gemilang Harmoni;nataliearmstrong@rodriguez.org;Indonesia;Sumatera Utara;Consulting;IT Security Consultant;Your trusted advisor in business.
339;Bersatu Makmur;john10@becker.com;Indonesia;Sulawesi Tengah;Transportation;Transportation Planner;Leaders in safe and convenient travel.
340;Bersatu Harmoni;amurray@rojas.info;Indonesia;Sulawesi Tengah;Non-profit;Community Organizer;Creating a better world through philanthropy.
341;Mitra Utama;christopherbridges@wilson.com;Indonesia;Sumatera Utara;Finance;Personal Financial Advisor;Your trusted partner in financial services.
342;Bersama Harmoni;tiffanypowers@walls.com;Indonesia;Banten;Pharmaceuticals;Pharmacy Technician;A commitment to health and well-being.
343;Sinar Abadi;bethanyward@bell.com;Indonesia;Banten;Construction;Civil Engineering Technician;Your partner in construction excellence and innovation.
344;Bakti Sejahtera;sramirez@blanchard-scott.com;Indonesia;Jawa Timur;Consulting;IT Security Consultant;Strategic consulting for business success.
345;Mandiri Makmur;zcosta@bond.com;Indonesia;Kepulauan Riau;Marketing;Brand Strategist;Elevating brands through creative marketing solutions.
346;Gemah Ripah;rachelhawkins@west.com;Indonesia;Jawa Timur;Pharmaceuticals;Pharmacy Technician;Leaders in pharmaceutical innovation.
347;Gemilang Harmoni;bruce93@delgado.net;Indonesia;Kepulauan Riau;Pharmaceuticals;Pharmacy Technician;Advancing healthcare with groundbreaking pharmaceuticals.
348;Cemerlang Indah;sarahbrandt@ward.net;Indonesia;Kepulauan Riau;E-commerce;Customer Support Specialist;Connecting buyers and sellers in a digital marketplace.
349;Sejahtera Maju;matthewturner@bell-murphy.com;Indonesia;Banten;Government;Government Analyst;Building a prosperous and inclusive society through effective governance.
350;Jaya Harmoni;cynthia76@patel-conrad.com;Indonesia;Sumatera Utara;Automotive;Automotive Quality Engineer;Driving the future of transportation.
351;Harmoni Sukses;pharris@stephens.com;Indonesia;DKI Jakarta;Insurance;Actuarial Analyst;Your trusted partner in risk management.
352;Surya Kencana;oreeves@nolan.com;Indonesia;Jawa Timur;Healthcare;Medical Doctor;Your health, our priority.
353;Harum Gemilang;antoniofranklin@hernandez.net;Indonesia;Sumatera Utara;Logistics;Warehouse Supervisor;Efficient and reliable logistics solutions.
354;Mutiara Sejahtera;joshuabell@rollins-smith.org;Indonesia;Banten;Travel;Cruise Ship Director;Creating memories through unparalleled travel adventures.
355;Harapan Baru;hbrown@dawson.info;Indonesia;Sumatera Utara;Legal;Criminal Defense Attorney;Navigating legal complexities with expertise and integrity.
356;Mandiri Makmur;ashleytucker@rollins.net;Indonesia;Sumatera Utara;Real Estate;Real Estate Attorney;Creating homes for a better future.
357;Bakti Sejahtera;evanfisher@hanson-brown.net;Indonesia;Sulawesi Tenggara;Marketing;Brand Strategist;Driving brand success through innovative marketing.
358;Jaya Murni;donald07@johnson.com;Indonesia;Sulawesi Tenggara;Biotechnology;Biotech Lab Technician;Advancing biotechnology for a healthier world.
359;Cahaya Gemilang;amber76@rose.com;Indonesia;Kalimantan Timur;Construction;Civil Engineering Technician;Building the future through quality construction.
360;Gemilang Sukses;michael04@watts.com;Indonesia;DKI Jakarta;Non-profit;Community Organizer;Creating a better world through philanthropy.
361;Gemah Bina;adavis@choi.com;Indonesia;Sumatera Utara;Construction;Civil Engineering Technician;Your partner in construction excellence and innovation.
362;Mitra Utama;denise97@gonzalez.com;Indonesia;Sulawesi Tengah;Construction;Civil Engineering Technician;Your partner in construction excellence and innovation.
363;Maju Harmoni;rhodesdaniel@roberts.com;Indonesia;DKI Jakarta;Non-profit;Community Organizer;Creating a better world through philanthropy.
364;Mitra Utama;msmith@snyder-dawson.com;Indonesia;Jawa Barat;Insurance;Actuarial Analyst;Peace of mind through reliable insurance coverage.
365;Prima Sentosa;hgarner@christensen.com;Indonesia;Sulawesi Tenggara;Finance;Personal Financial Advisor;Driving economic growth through financial solutions.
366;Citra Sejahtera;amanda73@sanchez.com;Indonesia;Kalimantan Timur;Food and Beverage;Food Quality Assurance Specialist;Delicious flavors and culinary innovation.
367;Mandiri Makmur;justin25@mora.net;Indonesia;Sulawesi Tenggara;Manufacturing;Entertainment Journalist;Innovative solutions in manufacturing.
368;Karya Terang;tinabrooks@wagner.com;Indonesia;Kalimantan Timur;Energy;Environmental Compliance Specialist;Leaders in energy efficiency and reliability.
369;Cemerlang Indah;robertrogers@oneal-miller.com;Indonesia;DKI Jakarta;Marketing;Brand Strategist;Elevating brands through creative marketing solutions.
370;Prima Makmur;ashleylopez@martinez-garcia.com;Indonesia;DKI Jakarta;Legal;Criminal Defense Attorney;Protecting your interests through top-notch legal services.
371;Bersatu Makmur;longdorothy@nguyen.com;Indonesia;Sumatera Utara;Media and Entertainment;Media Planner;Your source for quality entertainment.
372;Jaya Harmoni;trevinocorey@lopez.org;Indonesia;Kepulauan Riau;Telecommunications;Telecommunications Engineer;Providing seamless connectivity.
373;Sinar Abadi;mckinneyamber@white.com;Indonesia;Sumatera Utara;Pharmaceuticals;Pharmacy Technician;Advancing healthcare with groundbreaking pharmaceuticals.
374;Bakti Sejahtera;douglas12@glenn-fleming.com;Indonesia;Sulawesi Tengah;Legal;Criminal Defense Attorney;Your trusted legal partner.
375;Harmoni Bersama;hshaw@cain-evans.com;Indonesia;Banten;Telecommunications;Telecommunications Engineer;Pioneering communication networks.
376;Nusantara Bersama;ywilliams@green.biz;Indonesia;Kalimantan Timur;Government;Government Analyst;Your government, working for a better nation.
377;Mutiara Makmur;fuenteslisa@cameron.info;Indonesia;Sulawesi Tengah;Consulting;IT Security Consultant;Navigating challenges and unlocking opportunities.
378;Citra Sejahtera;kyleevans@brooks.biz;Indonesia;Sulawesi Tenggara;Information Technology;IT Consultant;Innovating with cutting-edge technology.
379;Cahaya Gemilang;fwelch@scott-carlson.com;Indonesia;DKI Jakarta;Travel;Cruise Ship Director;Your gateway to unforgettable travel experiences.
380;Mitra Utama;ybradford@gray-mccarthy.org;Indonesia;Kepulauan Riau;Retail;Visual Merchandiser;Your one-stop shopping destination.
381;Jaya Murni;smalldavid@cruz.com;Indonesia;Sumatera Utara;Sports;Athletic Trainer;Passion for sports excellence.
382;Gemah Bina;btate@suarez-martinez.com;Indonesia;Kepulauan Riau;Insurance;Actuarial Analyst;Peace of mind through reliable insurance coverage.
383;Murni Cipta;sheliaespinoza@carter-rice.com;Indonesia;Sumatera Utara;Finance;Personal Financial Advisor;Financial excellence and innovation.
384;Bersatu Harmoni;emily21@banks.com;Indonesia;Jawa Barat;Education;Principal;Shaping future generations through education.
385;Bina Karya;christinaanderson@waters.com;Indonesia;Jawa Timur;Marketing;Brand Strategist;Elevating brands through creative marketing solutions.
386;Nusantara Bersama;matthewmoore@fitzpatrick.com;Indonesia;Kalimantan Timur;Manufacturing;Entertainment Journalist;Driving Indonesia's manufacturing sector.
387;Harum Gemilang;randytaylor@jackson.net;Indonesia;Sulawesi Tengah;Government;Government Analyst;Serving the public with excellence and integrity.
388;Maju Bersama;laraaustin@perez.net;Indonesia;Kepulauan Riau;Education;Principal;Innovative and inclusive learning environments.
389;Jaya Bakti;jessicabolton@walker.org;Indonesia;Jawa Barat;Real Estate;Real Estate Attorney;Building communities and transforming spaces.
390;Gemah Ripah;leekelly@rogers-garcia.org;Indonesia;Jawa Barat;Information Technology;IT Consultant;Leaders in IT excellence.
391;Sukses Sejahtera;igreen@phillips-lopez.com;Indonesia;Kepulauan Riau;Information Technology;IT Consultant;Leaders in IT excellence.
392;Sinar Abadi;ashleywelch@perez.com;Indonesia;Sulawesi Tengah;Pharmaceuticals;Pharmacy Technician;Advancing healthcare with groundbreaking pharmaceuticals.
393;Jaya Harmoni;davidpark@moore.info;Indonesia;Papua Barat;Insurance;Actuarial Analyst;Peace of mind through reliable insurance coverage.
394;Mutiara Sejahtera;amanda30@valentine.com;Indonesia;Sulawesi Tenggara;Media and Entertainment;Media Planner;Your source for quality entertainment.
395;Sinar Abadi;wmeyer@schultz.com;Indonesia;Jawa Timur;Construction;Civil Engineering Technician;Your partner in construction excellence and innovation.
396;Gemah Bina;cfuller@johnson.com;Indonesia;Kalimantan Timur;Fashion;Patternmaker;Setting trends in Indonesian fashion.
397;Citra Sejahtera;derrick31@powell-barrett.com;Indonesia;Kalimantan Timur;Construction;Civil Engineering Technician;Creating structures that stand the test of time.
398;Bakti Sejahtera;bradley79@thompson-kline.biz;Indonesia;Sumatera Utara;Marketing;Brand Strategist;Driving brand success through innovative marketing.
399;Gemilang Sukses;miranda12@haney-sanders.com;Indonesia;Banten;Legal;Criminal Defense Attorney;Protecting your interests through top-notch legal services.
400;Prima Sentosa;cburke@leblanc.net;Indonesia;Banten;Food and Beverage;Food Quality Assurance Specialist;Your source for quality food and beverage experiences.
401;Sejahtera Indah;sparks@johnson.biz;Indonesia;Banten;Hospitality;Travel Agent;Your home away from home.
402;Surya Kencana;gomezlindsay@adams-mckee.com;Indonesia;Jawa Barat;Telecommunications;Telecommunications Engineer;Providing seamless connectivity.
403;Prima Sentosa;daniel97@mathis.com;Indonesia;Sulawesi Tenggara;Non-profit;Community Organizer;Making a positive impact through social responsibility.
404;Nusantara Cipta;millerpaul@gomez.org;Indonesia;DKI Jakarta;Marketing;Brand Strategist;Your partner in strategic and effective marketing campaigns.
405;Cemerlang Sejahtera;evelasquez@jackson.org;Indonesia;Kalimantan Timur;Logistics;Warehouse Supervisor;Connecting businesses through seamless supply chain management.
406;Mandiri Makmur;debra13@smith-smith.com;Indonesia;Banten;Government;Government Analyst;Your government, working for a better nation.
407;Sinar Abadi;campbelltyler@perez.net;Indonesia;Sulawesi Tengah;Hospitality;Travel Agent;Your home away from home.
408;Maju Bersama;jameswilkerson@obrien.biz;Indonesia;Jawa Timur;Biotechnology;Biotech Lab Technician;Innovative solutions in biopharmaceuticals and research.
409;Sejahtera Maju;jennifer30@williams-rivera.com;Indonesia;Jawa Timur;Environmental;Environmental Health and Safety Specialist;Champions of environmental sustainability.
410;Citra Harmoni;juliaklein@jenkins-gomez.com;Indonesia;Papua Barat;Construction;Civil Engineering Technician;Creating structures that stand the test of time.
411;Jaya Cipta;bwright@mcintyre.com;Indonesia;Jawa Timur;Automotive;Automotive Quality Engineer;Driving the future of transportation.
412;Budi Jaya;aliciahancock@andrews.com;Indonesia;Kepulauan Riau;Environmental;Environmental Health and Safety Specialist;Creating a greener and cleaner world.
413;Bersatu Harmoni;ryanstephens@marsh.com;Indonesia;Sulawesi Tengah;Construction;Civil Engineering Technician;Your partner in construction excellence and innovation.
414;Harmoni Sukses;jeffreycabrera@medina-curtis.com;Indonesia;Kepulauan Riau;Manufacturing;Entertainment Journalist;Driving Indonesia's manufacturing sector.
415;Sinar Abadi;franciscoshepherd@aguilar.biz;Indonesia;Jawa Barat;Manufacturing;Entertainment Journalist;Driving Indonesia's manufacturing sector.
416;Cemerlang Indah;danielle00@gallegos.com;Indonesia;Jawa Timur;Retail;Visual Merchandiser;Your one-stop shopping destination.
417;Sejahtera Indah;kgreer@snyder-davidson.com;Indonesia;Sulawesi Tenggara;Legal;Criminal Defense Attorney;Navigating legal complexities with expertise and integrity.
418;Mandiri Makmur;sarahmedina@reyes.com;Indonesia;DKI Jakarta;Agriculture;Agricultural Scientist;Empowering farmers with modern techniques.
419;Gemilang Harmoni;william92@romero-meyers.com;Indonesia;Jawa Timur;Information Technology;IT Consultant;Innovating with cutting-edge technology.
420;Sejahtera Indah;umiller@barrera.net;Indonesia;Jawa Barat;Environmental;Environmental Health and Safety Specialist;Champions of environmental sustainability.
421;Nusantara Bersama;ashley10@white-stewart.com;Indonesia;Kepulauan Riau;Logistics;Warehouse Supervisor;Connecting businesses through seamless supply chain management.
422;Harmoni Sukses;olsonbrittany@hernandez.org;Indonesia;Sumatera Utara;Information Technology;IT Consultant;Innovating with cutting-edge technology.
423;Karya Terang;gonzalezlaurie@melendez.com;Indonesia;DKI Jakarta;Insurance;Actuarial Analyst;Peace of mind through reliable insurance coverage.
424;Citra Harmoni;ghampton@garcia.com;Indonesia;Sulawesi Tengah;Non-profit;Community Organizer;Creating a better world through philanthropy.
425;Gemah Ripah;webblynn@thompson.info;Indonesia;Sulawesi Tengah;Hospitality;Travel Agent;Creating memorable experiences in hospitality.
426;Terang Jaya;ywarren@parsons.info;Indonesia;Kalimantan Timur;Logistics;Warehouse Supervisor;Connecting businesses through seamless supply chain management.
427;Jaya Sukses;hawkinsbrian@garrett-golden.com;Indonesia;Banten;Biotechnology;Biotech Lab Technician;Leaders in biotech excellence.
428;Mutiara Makmur;evanspeter@fields-mitchell.org;Indonesia;Sumatera Utara;Marketing;Brand Strategist;Elevating brands through creative marketing solutions.
429;Sentosa Makmur;roycantrell@harrison.net;Indonesia;Kepulauan Riau;Construction;Civil Engineering Technician;Creating structures that stand the test of time.
430;Budi Jaya;gary36@curtis.com;Indonesia;Banten;Consulting;IT Security Consultant;Strategic consulting for business success.
431;Gemilang Sukses;angelahiggins@nichols.org;Indonesia;DKI Jakarta;Retail;Visual Merchandiser;Elevating the retail experience for customers.
432;Gemilang Sukses;walkeramy@garrett.biz;Indonesia;Kepulauan Riau;Transportation;Transportation Planner;Connecting cities with efficient transportation solutions.
433;Maju Bersama;moorejasmine@mccoy.info;Indonesia;Sulawesi Tengah;Energy;Environmental Compliance Specialist;Powering Indonesia's future with sustainable energy.
434;Cemerlang Sejahtera;sshea@pruitt-norris.com;Indonesia;Jawa Timur;Biotechnology;Biotech Lab Technician;Advancing biotechnology for a healthier world.
435;Terang Bakti;perezkathryn@smith-fox.com;Indonesia;Sulawesi Tengah;Insurance;Actuarial Analyst;Protecting what matters most through comprehensive insurance.
436;Mutiara Sejahtera;gabrielphillips@nielsen-allen.com;Indonesia;Sulawesi Tengah;Legal;Criminal Defense Attorney;Navigating legal complexities with expertise and integrity.
437;Harmoni Bersama;marksmadison@turner.com;Indonesia;Jawa Timur;E-commerce;Customer Support Specialist;Revolutionizing online shopping experiences.
438;Jaya Harmoni;robertroberts@martin.biz;Indonesia;DKI Jakarta;Travel;Cruise Ship Director;Exploring the world with exceptional travel services.
439;Sejahtera Indah;steven13@lutz-morgan.com;Indonesia;Papua Barat;Automotive;Automotive Quality Engineer;Innovation in motion with cutting-edge automotive solutions.
440;Bersama Harmoni;ncox@nicholson.com;Indonesia;Banten;Pharmaceuticals;Pharmacy Technician;A commitment to health and well-being.
441;Citra Sejahtera;jonesanita@johnson.com;Indonesia;Kepulauan Riau;Manufacturing;Entertainment Journalist;Driving Indonesia's manufacturing sector.
442;Bina Karya;hamptonsherry@bailey.com;Indonesia;Kalimantan Timur;Retail;Visual Merchandiser;Your one-stop shopping destination.
443;Surya Kencana;christopherlarson@kidd-harvey.biz;Indonesia;Kepulauan Riau;Information Technology;IT Consultant;Leaders in IT excellence.
444;Mutiara Sejahtera;amyscott@orr.net;Indonesia;Banten;Pharmaceuticals;Pharmacy Technician;A commitment to health and well-being.
445;Mitra Utama;michaelharper@mcconnell.biz;Indonesia;Kalimantan Timur;Non-profit;Community Organizer;Your partner in charitable initiatives and community development.
446;Maju Harmoni;mariamorton@obrien.com;Indonesia;Sulawesi Tengah;Travel;Cruise Ship Director;Creating memories through unparalleled travel adventures.
447;Jaya Bakti;michael88@hall.org;Indonesia;Papua Barat;Finance;Personal Financial Advisor;Your trusted partner in financial services.
448;Terang Jaya;jonathonjuarez@edwards.net;Indonesia;Jawa Timur;Real Estate;Real Estate Attorney;Creating homes for a better future.
449;Gemah Ripah;cthompson@copeland.net;Indonesia;Papua Barat;Media and Entertainment;Media Planner;Bringing stories to life through media excellence.
450;Cemerlang Sejahtera;charles84@jones-mcfarland.com;Indonesia;Papua Barat;Construction;Civil Engineering Technician;Your partner in construction excellence and innovation.
451;Citra Harmoni;johnsoncurtis@martinez.com;Indonesia;Kalimantan Timur;Healthcare;Medical Doctor;Your health, our priority.
452;Murni Maju;michaelmay@mcdowell.com;Indonesia;Jawa Timur;Energy;Environmental Compliance Specialist;Leaders in energy efficiency and reliability.
453;Cemerlang Indah;michelle33@smith-proctor.com;Indonesia;Papua Barat;Food and Beverage;Food Quality Assurance Specialist;Delicious flavors and culinary innovation.
454;Harmoni Sukses;katelyn99@cunningham.com;Indonesia;Banten;Real Estate;Real Estate Attorney;Building communities and transforming spaces.
455;Gemah Ripah;carsonanna@bryant.com;Indonesia;Kepulauan Riau;Marketing;Brand Strategist;Your partner in strategic and effective marketing campaigns.
456;Jaya Bakti;michaelcervantes@williams.com;Indonesia;Sumatera Utara;Finance;Personal Financial Advisor;Financial excellence and innovation.
457;Maju Bersama;russellshannon@smith.com;Indonesia;Jawa Barat;Energy;Environmental Compliance Specialist;Innovative solutions for a cleaner environment.
458;Mandiri Makmur;mario23@wolf-parrish.info;Indonesia;Kepulauan Riau;Sports;Athletic Trainer;Passion for sports excellence.
459;Jaya Sukses;walkergregory@house-black.net;Indonesia;Sulawesi Tenggara;Consulting;IT Security Consultant;Your trusted advisor in business.
460;Karya Terang;donna51@dixon-romero.com;Indonesia;Kepulauan Riau;Construction;Civil Engineering Technician;Creating structures that stand the test of time.
461;Bakti Sejahtera;henryharris@frank.com;Indonesia;Jawa Barat;Non-profit;Community Organizer;Your partner in charitable initiatives and community development.
462;Bersatu Harmoni;kayla86@pugh.com;Indonesia;Papua Barat;E-commerce;Customer Support Specialist;Connecting buyers and sellers in a digital marketplace.
463;Harum Gemilang;christopher33@gilbert.org;Indonesia;Papua Barat;Construction;Civil Engineering Technician;Building the future through quality construction.
464;Harum Gemilang;lisa13@moss.info;Indonesia;Sulawesi Tenggara;Pharmaceuticals;Pharmacy Technician;Advancing healthcare with groundbreaking pharmaceuticals.
465;Harmoni Bersama;joshua38@shepherd.biz;Indonesia;Papua Barat;Education;Principal;Empowering minds through quality education.
466;Murni Cipta;dean88@herman.com;Indonesia;Kepulauan Riau;Sports;Athletic Trainer;Passion for sports excellence.
467;Sejahtera Maju;bchristensen@cabrera.org;Indonesia;Jawa Barat;Media and Entertainment;Media Planner;Bringing stories to life through media excellence.
468;Indah Cipta;hernandezjulie@hines-kelley.net;Indonesia;Kepulauan Riau;Agriculture;Agricultural Scientist;Empowering farmers with modern techniques.
469;Indah Cipta;deborahjohnston@gonzalez-wagner.com;Indonesia;Banten;Logistics;Warehouse Supervisor;Efficient and reliable logistics solutions.
470;Harum Gemilang;vangkatie@herrera.com;Indonesia;Banten;Pharmaceuticals;Pharmacy Technician;Advancing healthcare with groundbreaking pharmaceuticals.
471;Karya Terang;ctaylor@johnson-cox.net;Indonesia;Jawa Barat;Energy;Environmental Compliance Specialist;Leaders in energy efficiency and reliability.
472;Sentosa Makmur;matthew72@williams.com;Indonesia;Jawa Timur;Legal;Criminal Defense Attorney;Your trusted legal partner.
473;Gemilang Sukses;brookssamantha@wilson.biz;Indonesia;Jawa Timur;Media and Entertainment;Media Planner;Bringing stories to life through media excellence.
474;Harapan Baru;michael73@jimenez.org;Indonesia;Jawa Barat;Manufacturing;Entertainment Journalist;Innovative solutions in manufacturing.
475;Bina Karya;eddiejohnson@werner.net;Indonesia;Jawa Barat;Manufacturing;Entertainment Journalist;Crafting quality products for a better future.
476;Prima Makmur;jasminefisher@coleman.net;Indonesia;DKI Jakarta;Healthcare;Medical Doctor;Your health, our priority.
477;Prima Sentosa;amanda22@black.biz;Indonesia;Papua Barat;E-commerce;Customer Support Specialist;Your gateway to a world of products.
478;Indah Cipta;vicki99@watkins-larsen.info;Indonesia;Sumatera Utara;Travel;Cruise Ship Director;Your gateway to unforgettable travel experiences.
479;Gemilang Harmoni;ginabennett@orozco.com;Indonesia;Kepulauan Riau;Government;Government Analyst;Your government, working for a better nation.
480;Kencana Sejahtera;janet71@allison-deleon.com;Indonesia;Kalimantan Timur;Environmental;Environmental Health and Safety Specialist;Your partner in eco-friendly solutions.
481;Jaya Harmoni;marquezlori@nelson.com;Indonesia;Banten;Marketing;Brand Strategist;Driving brand success through innovative marketing.
482;Jaya Sukses;melissahartman@cook.com;Indonesia;Papua Barat;Pharmaceuticals;Pharmacy Technician;Advancing healthcare with groundbreaking pharmaceuticals.
483;Jaya Cipta;joy81@alvarez.biz;Indonesia;Jawa Timur;Energy;Environmental Compliance Specialist;Leaders in energy efficiency and reliability.
484;Jaya Sukses;syates@davila-bowman.com;Indonesia;DKI Jakarta;Manufacturing;Entertainment Journalist;Crafting quality products for a better future.
485;Mitra Utama;richard00@cox-peterson.com;Indonesia;Sulawesi Tenggara;Biotechnology;Biotech Lab Technician;Leaders in biotech excellence.
486;Murni Maju;matthew63@wilson.com;Indonesia;Jawa Barat;Construction;Civil Engineering Technician;Your partner in construction excellence and innovation.
487;Nusantara Bersama;brian07@hancock.com;Indonesia;Sulawesi Tengah;Marketing;Brand Strategist;Driving brand success through innovative marketing.
488;Karya Terang;gardnerdonald@hopkins.org;Indonesia;DKI Jakarta;Insurance;Actuarial Analyst;Peace of mind through reliable insurance coverage.
489;Maju Harmoni;michael28@klein-baker.com;Indonesia;Sumatera Utara;Energy;Environmental Compliance Specialist;Innovative solutions for a cleaner environment.
490;Jaya Bakti;brenda87@irwin-johnson.com;Indonesia;Kalimantan Timur;Agriculture;Agricultural Scientist;Empowering farmers with modern techniques.
491;Sejahtera Maju;fschultz@martinez.com;Indonesia;DKI Jakarta;Fashion;Patternmaker;Setting trends in Indonesian fashion.
492;Bersatu Harmoni;michaelclark@alvarado-gibson.com;Indonesia;Jawa Barat;E-commerce;Customer Support Specialist;Connecting buyers and sellers in a digital marketplace.
493;Mutiara Makmur;swest@freeman.com;Indonesia;Jawa Barat;Education;Principal;Shaping future generations through education.
494;Sinar Abadi;travisreeves@santana.com;Indonesia;Kepulauan Riau;Automotive;Automotive Quality Engineer;Innovation in motion with cutting-edge automotive solutions.
495;Sejahtera Maju;aliciaalexander@turner-quinn.biz;Indonesia;Kalimantan Timur;Consulting;IT Security Consultant;Navigating challenges and unlocking opportunities.
496;Prima Sentosa;andersonkaren@dixon.biz;Indonesia;Jawa Timur;Biotechnology;Biotech Lab Technician;Innovative solutions in biopharmaceuticals and research.
497;Nusantara Bersama;larryrobbins@kim-mccarthy.com;Indonesia;Sulawesi Tenggara;Non-profit;Community Organizer;Creating a better world through philanthropy.
498;Cahaya Gemilang;leblancbrent@johnson.info;Indonesia;Sulawesi Tengah;Insurance;Actuarial Analyst;Protecting what matters most through comprehensive insurance.
499;Cahaya Gemilang;jamesanderson@hess.info;Indonesia;Sulawesi Tenggara;Hospitality;Travel Agent;Your home away from home.
500;Mandiri Makmur;rogerseric@ortiz.com;Indonesia;Sulawesi Tenggara;Finance;Personal Financial Advisor;Driving economic growth through financial solutions.